date,hyg_close,hyg_adj_close,sjb_close,sjb_adj_close
2011-03-22,91.79000091552734,38.57278823852539,40.0,33.406314849853516
2011-03-23,91.68000030517578,38.52656173706055,40.0,33.406314849853516
2011-03-24,91.76000213623047,38.56019973754883,39.93000030517578,33.34785079956055
2011-03-25,91.79000091552734,38.57278823852539,39.970001220703125,33.38126754760742
2011-03-28,91.81999969482422,38.585418701171875,39.93000030517578,33.34785079956055
2011-03-29,91.87000274658203,38.60645294189453,39.84000015258789,33.2726936340332
2011-03-30,92.01000213623047,38.66523742675781,39.849998474121094,33.28104019165039
2011-03-31,91.95999908447266,38.64423751831055,39.90999984741211,33.331153869628906
2011-04-01,91.27999877929688,38.59770965576172,39.900001525878906,33.32280349731445
2011-04-04,91.83999633789062,38.83452224731445,39.68000030517578,33.139068603515625
2011-04-05,91.73999786376953,38.7922477722168,39.630001068115234,33.0973014831543
2011-04-06,91.94000244140625,38.876800537109375,39.59000015258789,33.063899993896484
2011-04-07,92.02999877929688,38.91487503051758,39.540000915527344,33.02214431762695
2011-04-08,92.02999877929688,38.91487503051758,39.59000015258789,33.063899993896484
2011-04-11,91.94000244140625,38.876800537109375,39.54999923706055,33.03050231933594
2011-04-12,91.6500015258789,38.75417709350586,39.619998931884766,33.08894729614258
2011-04-13,92.08999633789062,38.94024658203125,39.56999969482422,33.04719543457031
2011-04-14,91.72000122070312,38.78376007080078,39.65999984741211,33.12235641479492
2011-04-15,91.83999633789062,38.83452224731445,39.619998931884766,33.08894729614258
2011-04-18,91.5199966430664,38.699180603027344,39.75,33.197532653808594
2011-04-19,91.83999633789062,38.83452224731445,39.65999984741211,33.12235641479492
2011-04-20,92.19000244140625,38.98252868652344,39.45000076293945,32.94697952270508
2011-04-21,92.41000366210938,39.075538635253906,39.369998931884766,32.88016891479492
2011-04-25,92.30999755859375,39.03327178955078,39.34000015258789,32.8551139831543
2011-04-26,92.5199966430664,39.12205505371094,39.31999969482422,32.83840560913086
2011-04-27,92.58000183105469,39.147430419921875,39.279998779296875,32.80501174926758
2011-04-28,92.62999725341797,39.1685791015625,39.2400016784668,32.77159881591797
2011-04-29,92.8499984741211,39.2615966796875,39.16999816894531,32.71312713623047
2011-05-02,92.2300033569336,39.24161148071289,39.11000061035156,32.663028717041016
2011-05-03,92.25,39.2501220703125,39.13999938964844,32.688087463378906
2011-05-04,92.22000122070312,39.23736572265625,39.13999938964844,32.688087463378906
2011-05-05,91.83999633789062,39.07566833496094,39.22999954223633,32.76324462890625
2011-05-06,92.30999755859375,39.275611877441406,39.08000183105469,32.637977600097656
2011-05-09,92.43000030517578,39.32671356201172,39.040000915527344,32.604557037353516
2011-05-10,92.62999725341797,39.411808013916016,39.0,32.5711555480957
2011-05-11,92.48999786376953,39.35224533081055,39.040000915527344,32.604557037353516
2011-05-12,92.58000183105469,39.390533447265625,39.0,32.5711555480957
2011-05-13,92.19999694824219,39.22883605957031,39.099998474121094,32.6546630859375
2011-05-16,92.37999725341797,39.30542755126953,39.02000045776367,32.58786392211914
2011-05-17,92.54000091552734,39.373470306396484,39.0,32.5711555480957
2011-05-18,92.6500015258789,39.42031478881836,38.939998626708984,32.52104949951172
2011-05-19,92.61000061035156,39.40327072143555,38.959999084472656,32.537742614746094
2011-05-20,92.54000091552734,39.373470306396484,38.93000030517578,32.51268768310547
2011-05-23,92.0999984741211,39.186283111572266,39.06999969482422,32.62962341308594
2011-05-24,91.94999694824219,39.122467041015625,39.189998626708984,32.72984313964844
2011-05-25,91.94999694824219,39.122467041015625,39.15999984741211,32.70478820800781
2011-05-26,91.87000274658203,39.088436126708984,39.22999954223633,32.76324462890625
2011-05-27,92.1500015258789,39.20756530761719,39.09000015258789,32.646331787109375
2011-05-31,92.4000015258789,39.31392288208008,38.97999954223633,32.55445098876953
2011-06-01,91.30000305175781,39.0853385925293,39.150001525878906,32.696434020996094
2011-06-02,91.23999786376953,39.05963134765625,39.189998626708984,32.72984313964844
2011-06-03,90.87999725341797,38.905521392822266,39.380001068115234,32.88851547241211
2011-06-06,90.66000366210938,38.81135177612305,39.5099983215332,32.99708557128906
2011-06-07,90.58999633789062,38.781402587890625,39.540000915527344,33.02214431762695
2011-06-08,90.16000366210938,38.59732437133789,39.720001220703125,33.17247009277344
2011-06-09,90.22000122070312,38.62297821044922,39.66999816894531,33.13071823120117
2011-06-10,89.62999725341797,38.370399475097656,39.939998626708984,33.3562126159668
2011-06-13,89.29000091552734,38.224849700927734,40.06999969482422,33.46477127075195
2011-06-14,89.8499984741211,38.46458435058594,39.79999923706055,33.23928451538086
2011-06-15,89.47000122070312,38.30192947387695,40.0,33.406314849853516
2011-06-16,87.87999725341797,37.62123107910156,40.66999816894531,33.965858459472656
2011-06-17,88.8499984741211,38.036502838134766,40.220001220703125,33.590049743652344
2011-06-20,89.47000122070312,38.30192947387695,39.900001525878906,33.32280349731445
2011-06-21,90.06999969482422,38.55877685546875,39.66999816894531,33.13071823120117
2011-06-22,89.41999816894531,38.280517578125,39.91999816894531,33.339508056640625
2011-06-23,89.9000015258789,38.48601150512695,39.77000045776367,33.2142333984375
2011-06-24,89.47000122070312,38.30192947387695,39.95000076293945,33.364559173583984
2011-06-27,89.44999694824219,38.29336166381836,39.93000030517578,33.34785079956055
2011-06-28,89.80999755859375,38.44742965698242,39.79999923706055,33.23928451538086
2011-06-29,90.69999694824219,38.828460693359375,39.349998474121094,32.86347198486328
2011-06-30,91.30999755859375,39.08958053588867,39.02000045776367,32.58786392211914
2011-07-01,91.20999908447266,39.29727554321289,38.779998779296875,32.387428283691406
2011-07-05,91.33000183105469,39.348995208740234,38.84000015258789,32.437530517578125
2011-07-06,91.37000274658203,39.366249084472656,38.7599983215332,32.3707160949707
2011-07-07,91.7300033569336,39.521331787109375,38.599998474121094,32.237098693847656
2011-07-08,91.4800033569336,39.41359329223633,38.7400016784668,32.35401916503906
2011-07-11,90.58000183105469,39.02585220336914,39.08000183105469,32.637977600097656
2011-07-12,90.33000183105469,38.91814422607422,39.209999084472656,32.746543884277344
2011-07-13,91.02999877929688,39.21974182128906,38.91999816894531,32.50434112548828
2011-07-14,90.9800033569336,39.19818115234375,38.93000030517578,32.51268768310547
2011-07-15,90.94999694824219,39.185264587402344,38.93000030517578,32.51268768310547
2011-07-18,90.79000091552734,39.11632537841797,39.040000915527344,32.604557037353516
2011-07-19,91.19999694824219,39.29298782348633,38.81999969482422,32.420833587646484
2011-07-20,91.27999877929688,39.32744598388672,38.83000183105469,32.42917251586914
2011-07-21,91.72000122070312,39.51701354980469,38.560001373291016,32.20368194580078
2011-07-22,91.83999633789062,39.568695068359375,38.5,32.15357971191406
2011-07-25,91.3499984741211,39.35758590698242,38.68000030517578,32.30390930175781
2011-07-26,91.54000091552734,39.439476013183594,38.630001068115234,32.26215362548828
2011-07-27,90.81999969482422,39.129234313964844,38.900001525878906,32.487640380859375
2011-07-28,90.95999908447266,39.1895637512207,38.900001525878906,32.487640380859375
2011-07-29,91.05000305175781,39.228355407714844,38.84000015258789,32.437530517578125
2011-08-01,90.69999694824219,39.31545639038086,38.77000045776367,32.37907028198242
2011-08-02,89.58000183105469,38.82997512817383,39.189998626708984,32.72984313964844
2011-08-03,89.52999877929688,38.80830383300781,39.220001220703125,32.75489807128906
2011-08-04,86.94999694824219,37.68996047973633,40.38999938964844,33.732025146484375
2011-08-05,86.86000061035156,37.65095520019531,40.40999984741211,33.74873733520508
2011-08-08,83.16000366210938,36.047149658203125,42.11000061035156,35.16849899291992
2011-08-09,85.69999694824219,37.148136138916016,40.790000915527344,34.06608963012695
2011-08-10,84.25,36.519615173339844,41.400001525878906,34.57554244995117
2011-08-11,85.77999877929688,37.182796478271484,40.709999084472656,33.999271392822266
2011-08-12,85.37999725341797,37.009429931640625,40.880001068115234,34.1412467956543
2011-08-15,86.7699966430664,37.6119384765625,40.189998626708984,33.56499481201172
2011-08-16,86.22000122070312,37.373538970947266,40.459999084472656,33.79048538208008
2011-08-17,87.16999816894531,37.78532028198242,40.09000015258789,33.48147201538086
2011-08-18,86.11000061035156,37.32583236694336,40.599998474121094,33.907405853271484
2011-08-19,85.36000061035156,37.00075149536133,40.93000030517578,34.183013916015625
2011-08-22,85.45999908447266,37.04410171508789,40.849998474121094,34.1161994934082
2011-08-23,86.0999984741211,37.32151794433594,40.52000045776367,33.840599060058594
2011-08-24,85.70999908447266,37.1524772644043,40.689998626708984,33.982566833496094
2011-08-25,85.0199966430664,36.85336685180664,41.0099983215332,34.24982452392578
2011-08-26,85.87999725341797,37.226165771484375,40.560001373291016,33.87400436401367
2011-08-29,86.75,37.6032600402832,40.22999954223633,33.59839630126953
2011-08-30,86.91000366210938,37.672607421875,40.11000061035156,33.49818420410156
2011-08-31,88.02999877929688,38.158119201660156,39.459999084472656,32.95532989501953
2011-09-01,87.41000366210938,38.13322830200195,39.650001525878906,33.114013671875
2011-09-02,87.0,37.954376220703125,39.7400016784668,33.18918228149414
2011-09-06,85.97000122070312,37.505043029785156,40.209999084472656,33.581687927246094
2011-09-07,86.38999938964844,37.68827819824219,40.06999969482422,33.46477127075195
2011-09-08,86.66000366210938,37.80605697631836,39.939998626708984,33.3562126159668
2011-09-09,85.87999725341797,37.46574783325195,40.369998931884766,33.71532440185547
2011-09-12,85.13999938964844,37.1429557800293,40.540000915527344,33.8572998046875
2011-09-13,85.79000091552734,37.4265022277832,40.25,33.61510467529297
2011-09-14,86.36000061035156,37.6751823425293,39.939998626708984,33.3562126159668
2011-09-15,86.94000244140625,37.92821502685547,39.7599983215332,33.20588302612305
2011-09-16,86.88999938964844,37.90637969970703,39.7599983215332,33.20588302612305
2011-09-19,86.76000213623047,37.849674224853516,39.86000061035156,33.289398193359375
2011-09-20,86.9000015258789,37.9107666015625,39.79999923706055,33.23928451538086
2011-09-21,86.1500015258789,37.58357238769531,40.060001373291016,33.4564208984375
2011-09-22,84.9800033569336,37.07314682006836,40.66999816894531,33.965858459472656
2011-09-23,85.20999908447266,37.1734504699707,40.560001373291016,33.87400436401367
2011-09-26,85.52999877929688,37.313079833984375,40.41999816894531,33.75707244873047
2011-09-27,85.62999725341797,37.356712341308594,40.38999938964844,33.732025146484375
2011-09-28,84.66999816894531,36.93789291381836,40.810001373291016,34.082794189453125
2011-09-29,84.51000213623047,36.86811828613281,40.849998474121094,34.1161994934082
2011-09-30,82.83000183105469,36.13520050048828,41.619998931884766,34.759273529052734
2011-10-03,81.30000305175781,35.699607849121094,42.13999938964844,35.19355392456055
2011-10-04,81.05000305175781,35.58980941772461,42.279998779296875,35.31047439575195
2011-10-05,82.04000091552734,36.02455139160156,41.7400016784668,34.85948181152344
2011-10-06,83.30999755859375,36.58216094970703,41.18000030517578,34.39180374145508
2011-10-07,83.37999725341797,36.612953186035156,41.04999923706055,34.28322219848633
2011-10-10,85.16999816894531,37.398921966552734,40.150001525878906,33.53158187866211
2011-10-11,84.2300033569336,36.986175537109375,40.599998474121094,33.907405853271484
2011-10-12,86.19000244140625,37.84685516357422,39.650001525878906,33.114013671875
2011-10-13,85.83000183105469,37.68876266479492,39.84000015258789,33.2726936340332
2011-10-14,86.43000030517578,37.952213287353516,39.61000061035156,33.08060073852539
2011-10-17,85.93000030517578,37.73264694213867,39.77000045776367,33.2142333984375
2011-10-18,86.38999938964844,37.934669494628906,39.54999923706055,33.03050231933594
2011-10-19,86.11000061035156,37.81173324584961,39.650001525878906,33.114013671875
2011-10-20,86.87000274658203,38.14544677734375,39.380001068115234,32.88851547241211
2011-10-21,87.91999816894531,38.606483459472656,38.81999969482422,32.420833587646484
2011-10-24,90.30000305175781,39.65156936645508,37.83000183105469,31.594030380249023
2011-10-25,88.69999694824219,38.949005126953125,38.400001525878906,32.070068359375
2011-10-26,89.08000183105469,39.1158447265625,38.279998779296875,31.969839096069336
2011-10-27,90.38999938964844,39.69108581542969,37.650001525878906,31.443696975708008
2011-10-28,90.12000274658203,39.572513580322266,37.810001373291016,31.577329635620117
2011-10-31,89.27999877929688,39.20368194580078,38.13999938964844,31.85291862487793
2011-11-01,87.16999816894531,38.50400161743164,38.79999923706055,32.40412521362305
2011-11-02,88.0,38.87064743041992,38.529998779296875,32.17863845825195
2011-11-03,88.87000274658203,39.25497055053711,38.029998779296875,31.761058807373047
2011-11-04,88.77999877929688,39.215145111083984,38.099998474121094,31.81950569152832
2011-11-07,88.4800033569336,39.082664489746094,38.18000030517578,31.886329650878906
2011-11-08,88.68000030517578,39.171016693115234,38.150001525878906,31.861263275146484
2011-11-09,86.80000305175781,38.34059524536133,38.939998626708984,32.52104949951172
2011-11-10,86.88999938964844,38.380313873291016,38.849998474121094,32.44588088989258
2011-11-11,88.04000091552734,38.888301849365234,38.369998931884766,32.04500198364258
2011-11-14,87.44999694824219,38.62769317626953,38.63999938964844,32.27050018310547
2011-11-15,87.22000122070312,38.526100158691406,38.709999084472656,32.328956604003906
2011-11-16,86.37000274658203,38.1506233215332,39.099998474121094,32.6546630859375
2011-11-17,85.94999694824219,37.96512222290039,39.41999816894531,32.92191696166992
2011-11-18,85.88999938964844,37.938636779785156,39.380001068115234,32.88851547241211
2011-11-21,84.91999816894531,37.510162353515625,39.63999938964844,33.10566711425781
2011-11-22,84.2699966430664,37.2230339050293,40.11000061035156,33.49818420410156
2011-11-23,82.75,36.55164337158203,40.77000045776367,34.04938888549805
2011-11-25,82.75,36.55164337158203,40.83000183105469,34.0994987487793
2011-11-28,84.5999984741211,37.36884307861328,39.93000030517578,33.34785079956055
2011-11-29,85.1500015258789,37.61174774169922,39.65999984741211,33.12235641479492
2011-11-30,86.5999984741211,38.252197265625,38.90999984741211,32.49599075317383
2011-12-01,86.43000030517578,38.42070007324219,38.720001220703125,32.33731460571289
2011-12-02,86.91999816894531,38.63852310180664,38.47999954223633,32.13688278198242
2011-12-05,87.41000366210938,38.85634994506836,38.349998474121094,32.02829360961914
2011-12-06,87.80000305175781,39.029727935791016,38.13999938964844,31.85291862487793
2011-12-07,87.5199966430664,38.90524673461914,38.290000915527344,31.978199005126953
2011-12-08,86.94999694824219,38.651885986328125,38.45000076293945,32.11182403564453
2011-12-09,87.69999694824219,38.985252380371094,38.15999984741211,31.86962127685547
2011-12-12,87.2300033569336,38.77634048461914,38.31999969482422,32.003257751464844
2011-12-13,86.9000015258789,38.6296501159668,38.5099983215332,32.161930084228516
2011-12-14,86.75,38.56297302246094,38.5,32.15357971191406
2011-12-15,87.05999755859375,38.70075988769531,38.400001525878906,32.070068359375
2011-12-16,87.47000122070312,38.883026123046875,38.25,31.94478416442871
2011-12-19,87.36000061035156,38.8341178894043,38.2400016784668,31.936439514160156
2011-12-20,88.44999694824219,39.31865310668945,37.790000915527344,31.560623168945312
2011-12-21,88.69999694824219,39.4298210144043,37.630001068115234,31.4269962310791
2011-12-22,89.04000091552734,39.580936431884766,37.470001220703125,31.293371200561523
2011-12-23,89.44999694824219,39.76319885253906,37.2599983215332,31.11798095703125
2011-12-27,89.2699966430664,39.92198181152344,37.13999938964844,31.017757415771484
2011-12-28,88.8499984741211,39.73415756225586,37.380001068115234,31.218217849731445
2011-12-29,89.37999725341797,39.97113037109375,37.119998931884766,31.001054763793945
2011-12-30,89.43000030517578,39.9935188293457,37.119998931884766,31.001054763793945
2012-01-03,89.72000122070312,40.123207092285156,36.9900016784668,30.892492294311523
2012-01-04,89.56999969482422,40.05610656738281,37.04999923706055,30.942604064941406
2012-01-05,89.18000030517578,39.88170623779297,37.18000030517578,31.051172256469727
2012-01-06,88.9000015258789,39.756492614746094,37.38999938964844,31.226547241210938
2012-01-09,89.0199966430664,39.81016540527344,37.20000076293945,31.067867279052734
2012-01-10,89.33000183105469,39.94880676269531,37.150001525878906,31.026107788085938
2012-01-11,89.23999786376953,39.908531188964844,37.13999938964844,31.017757415771484
2012-01-12,89.12000274658203,39.85486602783203,37.15999984741211,31.034467697143555
2012-01-13,89.0199966430664,39.81016540527344,37.20000076293945,31.067867279052734
2012-01-17,89.19999694824219,39.89065170288086,37.18000030517578,31.051172256469727
2012-01-18,89.44999694824219,40.00244140625,37.04999923706055,30.942604064941406
2012-01-19,89.58000183105469,40.060550689697266,36.959999084472656,30.867435455322266
2012-01-20,89.58000183105469,40.060550689697266,36.90999984741211,30.825674057006836
2012-01-23,89.88999938964844,40.199214935302734,36.810001373291016,30.742164611816406
2012-01-24,90.12000274658203,40.30207824707031,36.7400016784668,30.68369483947754
2012-01-25,90.91000366210938,40.65531921386719,36.40999984741211,30.40810775756836
2012-01-26,91.12999725341797,40.75376510620117,36.33000183105469,30.34128761291504
2012-01-27,90.80000305175781,40.6061897277832,36.41999816894531,30.416439056396484
2012-01-30,90.51000213623047,40.47648239135742,36.47999954223633,30.466554641723633
2012-01-31,90.73999786376953,40.57933044433594,36.47999954223633,30.466554641723633
2012-02-01,90.4000015258789,40.65445327758789,36.349998474121094,30.357982635498047
2012-02-02,90.45999908447266,40.681427001953125,36.36000061035156,30.3663330078125
2012-02-03,90.72000122070312,40.79837417602539,36.279998779296875,30.299524307250977
2012-02-06,90.73999786376953,40.80734634399414,36.279998779296875,30.299524307250977
2012-02-07,90.91999816894531,40.8883171081543,36.15999984741211,30.199310302734375
2012-02-08,91.0,40.92426300048828,36.16999816894531,30.207651138305664
2012-02-09,91.04000091552734,40.94226837158203,36.09000015258789,30.140850067138672
2012-02-10,90.25,40.58698272705078,36.459999084472656,30.44985580444336
2012-02-13,90.51000213623047,40.70389175415039,36.27000045776367,30.29118537902832
2012-02-14,90.51000213623047,40.70389175415039,36.33000183105469,30.34128761291504
2012-02-15,90.22000122070312,40.57350158691406,36.45000076293945,30.441503524780273
2012-02-16,90.5999984741211,40.744380950927734,36.290000915527344,30.307880401611328
2012-02-17,90.56999969482422,40.730873107910156,36.290000915527344,30.307880401611328
2012-02-21,90.91000366210938,40.88376998901367,36.09000015258789,30.140850067138672
2012-02-22,91.19999694824219,41.01422119140625,36.0099983215332,30.074037551879883
2012-02-23,91.52999877929688,41.162620544433594,35.849998474121094,29.94040298461914
2012-02-24,91.80999755859375,41.288570404052734,35.790000915527344,29.89029884338379
2012-02-27,91.83000183105469,41.29754638671875,35.75,29.85689353942871
2012-02-28,92.01000213623047,41.37851333618164,35.66999816894531,29.790077209472656
2012-02-29,92.12999725341797,41.43247604370117,35.7400016784668,29.848539352416992
2012-03-01,91.75,41.503448486328125,35.56999969482422,29.706567764282227
2012-03-02,91.37000274658203,41.331573486328125,35.65999984741211,29.781726837158203
2012-03-05,90.86000061035156,41.100887298583984,35.88999938964844,29.973819732666016
2012-03-06,89.6500015258789,40.55353546142578,36.33000183105469,30.34128761291504
2012-03-07,89.9000015258789,40.6666259765625,36.2400016784668,30.266128540039062
2012-03-08,90.5999984741211,40.9832649230957,35.939998626708984,30.015573501586914
2012-03-09,90.69999694824219,41.02848434448242,35.849998474121094,29.94040298461914
2012-03-12,90.69999694824219,41.02848434448242,35.939998626708984,30.015573501586914
2012-03-13,91.36000061035156,41.32707977294922,35.70000076293945,29.815139770507812
2012-03-14,91.12999725341797,41.223018646240234,35.7599983215332,29.865243911743164
2012-03-15,90.81999969482422,41.08277130126953,35.810001373291016,29.907007217407227
2012-03-16,90.48999786376953,40.93348693847656,35.959999084472656,30.032270431518555
2012-03-19,90.83000183105469,41.08729553222656,35.880001068115234,29.96546745300293
2012-03-20,90.76000213623047,41.05562973022461,35.84000015258789,29.93206024169922
2012-03-21,90.47000122070312,40.92447280883789,35.97999954223633,30.048982620239258
2012-03-22,90.69000244140625,41.02397918701172,35.90999984741211,29.990530014038086
2012-03-23,90.5,40.93804931640625,35.9900016784668,30.057329177856445
2012-03-26,91.05000305175781,41.18681716918945,35.77000045776367,29.87359046936035
2012-03-27,91.20999908447266,41.259185791015625,35.630001068115234,29.756668090820312
2012-03-28,90.91000366210938,41.12347412109375,35.77000045776367,29.87359046936035
2012-03-29,90.9000015258789,41.118961334228516,35.79999923706055,29.898649215698242
2012-03-30,90.72000122070312,41.037540435791016,35.84000015258789,29.93206024169922
2012-04-02,90.33000183105469,41.108116149902344,35.810001373291016,29.907007217407227
2012-04-03,90.25,41.07167434692383,35.810001373291016,29.907007217407227
2012-04-04,89.91999816894531,40.92150115966797,35.900001525878906,29.982162475585938
2012-04-05,89.69999694824219,40.821388244628906,36.06999969482422,30.124141693115234
2012-04-09,89.23999786376953,40.612037658691406,36.25,30.27446746826172
2012-04-10,88.80000305175781,40.41179275512695,36.470001220703125,30.458206176757812
2012-04-11,89.33999633789062,40.65754699707031,36.20000076293945,30.232723236083984
2012-04-12,90.13999938964844,41.0215950012207,35.869998931884766,29.957109451293945
2012-04-13,89.8499984741211,40.88965606689453,35.88999938964844,29.973819732666016
2012-04-16,89.98999786376953,40.953346252441406,35.93000030517578,30.00722312927246
2012-04-17,90.37999725341797,41.13084030151367,35.709999084472656,29.823482513427734
2012-04-18,90.3499984741211,41.117164611816406,35.7599983215332,29.865243911743164
2012-04-19,90.18000030517578,41.03982925415039,35.7599983215332,29.865243911743164
2012-04-20,90.31999969482422,41.10353469848633,35.79999923706055,29.898649215698242
2012-04-23,90.12999725341797,41.01706314086914,35.869998931884766,29.957109451293945
2012-04-24,90.33999633789062,41.112632751464844,35.779998779296875,29.88195037841797
2012-04-25,91.0,41.41301727294922,35.470001220703125,29.623058319091797
2012-04-26,91.05999755859375,41.4403190612793,35.400001525878906,29.564586639404297
2012-04-27,91.0199966430664,41.4221076965332,35.41999816894531,29.58128547668457
2012-04-30,91.19999694824219,41.504005432128906,35.369998931884766,29.539533615112305
2012-05-01,90.76000213623047,41.535579681396484,35.29999923706055,29.4810733795166
2012-05-02,91.11000061035156,41.6957893371582,35.18000030517578,29.3808536529541
2012-05-03,91.05000305175781,41.66828918457031,35.220001220703125,29.414262771606445
2012-05-04,90.87000274658203,41.58591079711914,35.290000915527344,29.472721099853516
2012-05-07,91.0199966430664,41.65458679199219,35.15999984741211,29.364152908325195
2012-05-08,91.0,41.64543914794922,35.2400016784668,29.430965423583984
2012-05-09,90.68000030517578,41.498966217041016,35.380001068115234,29.547887802124023
2012-05-10,90.58000183105469,41.453216552734375,35.400001525878906,29.564586639404297
2012-05-11,90.80999755859375,41.55847930908203,35.20000076293945,29.397560119628906
2012-05-14,90.13999938964844,41.251827239990234,35.599998474121094,29.73161506652832
2012-05-15,89.69999694824219,41.05051040649414,35.709999084472656,29.823482513427734
2012-05-16,88.81999969482422,40.64776611328125,36.09000015258789,30.140850067138672
2012-05-17,87.58999633789062,40.08485794067383,36.619998931884766,30.58348274230957
2012-05-18,87.58999633789062,40.08485794067383,36.619998931884766,30.58348274230957
2012-05-21,88.5,40.50131607055664,36.209999084472656,30.241064071655273
2012-05-22,88.48999786376953,40.49674987792969,36.20000076293945,30.232723236083984
2012-05-23,88.4000015258789,40.455543518066406,36.22999954223633,30.25777244567871
2012-05-24,88.41999816894531,40.464717864990234,36.22999954223633,30.25777244567871
2012-05-25,88.13999938964844,40.336570739746094,36.349998474121094,30.357982635498047
2012-05-29,89.11000061035156,40.78047561645508,35.88999938964844,29.973819732666016
2012-05-30,88.70999908447266,40.59742736816406,36.11000061035156,30.157556533813477
2012-05-31,87.7699966430664,40.16724395751953,36.380001068115234,30.38304328918457
2012-06-01,86.47000122070312,39.81818389892578,36.7400016784668,30.68369483947754
2012-06-04,86.54000091552734,39.85041427612305,36.720001220703125,30.6669921875
2012-06-05,87.08999633789062,40.103729248046875,36.38999938964844,30.391399383544922
2012-06-06,88.0199966430664,40.53194808959961,36.04999923706055,30.107444763183594
2012-06-07,88.3499984741211,40.683929443359375,35.95000076293945,30.023927688598633
2012-06-08,88.69000244140625,40.84048080444336,35.79999923706055,29.898649215698242
2012-06-11,88.11000061035156,40.573402404785156,36.0099983215332,30.074037551879883
2012-06-12,88.7300033569336,40.8588752746582,35.7599983215332,29.865243911743164
2012-06-13,88.47000122070312,40.739158630371094,35.849998474121094,29.94040298461914
2012-06-14,89.12999725341797,41.04309844970703,35.61000061035156,29.73996925354004
2012-06-15,89.29000091552734,41.11675262451172,35.459999084472656,29.61469841003418
2012-06-18,89.31999969482422,41.13058853149414,35.4900016784668,29.63974952697754
2012-06-19,89.94999694824219,41.42070007324219,35.25,29.439311981201172
2012-06-20,90.30000305175781,41.58186721801758,35.130001068115234,29.33909797668457
2012-06-21,89.55999755859375,41.2410888671875,35.41999816894531,29.58128547668457
2012-06-22,90.16999816894531,41.52200698852539,35.18000030517578,29.3808536529541
2012-06-25,90.02999877929688,41.45753479003906,35.2599983215332,29.447662353515625
2012-06-26,89.9000015258789,41.397666931152344,35.310001373291016,29.489429473876953
2012-06-27,90.44000244140625,41.64632034301758,35.06999969482422,29.288982391357422
2012-06-28,90.43000030517578,41.6417236328125,35.09000015258789,29.305688858032227
2012-06-29,91.29000091552734,42.03769302368164,34.70000076293945,28.979982376098633
2012-07-02,90.87000274658203,42.083091735839844,34.810001373291016,29.071853637695312
2012-07-03,91.19999694824219,42.23594284057617,34.560001373291016,28.863061904907227
2012-07-05,91.20999908447266,42.24056625366211,34.47999954223633,28.79624366760254
2012-07-06,91.08999633789062,42.18498611450195,34.599998474121094,28.89646339416504
2012-07-09,91.12000274658203,42.19889831542969,34.58000183105469,28.879762649536133
2012-07-10,90.72000122070312,42.01364517211914,34.7400016784668,29.013381958007812
2012-07-11,91.01000213623047,42.1479606628418,34.54999923706055,28.854700088500977
2012-07-12,90.80999755859375,42.05534744262695,34.630001068115234,28.921518325805664
2012-07-13,91.08999633789062,42.18498611450195,34.54999923706055,28.854700088500977
2012-07-16,90.73999786376953,42.0229377746582,34.689998626708984,28.97162628173828
2012-07-17,91.16999816894531,42.2220458984375,34.529998779296875,28.837997436523438
2012-07-18,91.55000305175781,42.39802932739258,34.349998474121094,28.68767547607422
2012-07-19,91.77999877929688,42.50453186035156,34.2400016784668,28.59580421447754
2012-07-20,91.3499984741211,42.305423736572266,34.400001525878906,28.72943687438965
2012-07-23,91.19999694824219,42.23594284057617,34.459999084472656,28.779539108276367
2012-07-24,90.63999938964844,41.97661590576172,34.650001525878906,28.938220977783203
2012-07-25,90.44999694824219,41.88860321044922,34.720001220703125,28.996685028076172
2012-07-26,91.37999725341797,42.319313049316406,34.380001068115234,28.712730407714844
2012-07-27,91.91999816894531,42.56937026977539,34.20000076293945,28.56239891052246
2012-07-30,91.91999816894531,42.56937026977539,34.20000076293945,28.56239891052246
2012-07-31,91.69999694824219,42.46749496459961,34.220001220703125,28.57910919189453
2012-08-01,91.69000244140625,42.69804382324219,34.150001525878906,28.520648956298828
2012-08-02,91.31999969482422,42.52572250366211,34.369998931884766,28.70438003540039
2012-08-03,91.69999694824219,42.702659606933594,34.08000183105469,28.462181091308594
2012-08-06,91.63999938964844,42.67471694946289,34.04999923706055,28.437124252319336
2012-08-07,91.45999908447266,42.59089660644531,34.16999816894531,28.537343978881836
2012-08-08,91.5199966430664,42.61884689331055,34.130001068115234,28.503938674926758
2012-08-09,91.52999877929688,42.623504638671875,34.099998474121094,28.478879928588867
2012-08-10,91.44999694824219,42.58625793457031,34.16999816894531,28.537343978881836
2012-08-13,91.5,42.60952377319336,34.15999984741211,28.528989791870117
2012-08-14,91.63999938964844,42.67471694946289,34.04999923706055,28.437124252319336
2012-08-15,91.19999694824219,42.46981430053711,34.25,28.604158401489258
2012-08-16,91.54000091552734,42.62815856933594,34.150001525878906,28.520648956298828
2012-08-17,91.54000091552734,42.62815856933594,34.18000030517578,28.545698165893555
2012-08-20,91.6500015258789,42.67936706542969,34.09000015258789,28.47052764892578
2012-08-21,91.8499984741211,42.77253341674805,33.970001220703125,28.370309829711914
2012-08-22,91.76000213623047,42.7306022644043,34.0099983215332,28.403715133666992
2012-08-23,91.73999786376953,42.72129821777344,34.029998779296875,28.42042350769043
2012-08-24,92.1500015258789,42.9122314453125,33.84000015258789,28.261743545532227
2012-08-27,92.08000183105469,42.8796501159668,33.810001373291016,28.236692428588867
2012-08-28,92.0,42.84236145019531,34.0,28.395370483398438
2012-08-29,92.12999725341797,42.902923583984375,33.79999923706055,28.228336334228516
2012-08-30,92.08999633789062,42.88429260253906,33.90999984741211,28.320199966430664
2012-08-31,92.33000183105469,42.996036529541016,33.849998474121094,28.27009391784668
2012-09-04,91.81999969482422,42.995113372802734,33.709999084472656,28.15317153930664
2012-09-05,91.83000183105469,42.99979782104492,33.72999954223633,28.169872283935547
2012-09-06,92.37000274658203,43.25266647338867,33.4900016784668,27.96944236755371
2012-09-07,92.52999877929688,43.32756423950195,33.459999084472656,27.944379806518555
2012-09-10,92.37999725341797,43.257328033447266,33.47999954223633,27.961082458496094
2012-09-11,93.01000213623047,43.552345275878906,33.369998931884766,27.869211196899414
2012-09-12,93.29000091552734,43.68345260620117,33.16999816894531,27.70217514038086
2012-09-13,93.88999938964844,43.96440124511719,32.970001220703125,27.53515625
2012-09-14,93.87999725341797,43.959739685058594,32.95000076293945,27.518457412719727
2012-09-17,93.80000305175781,43.922264099121094,32.93000030517578,27.501747131347656
2012-09-18,93.83999633789062,43.941001892089844,32.970001220703125,27.53515625
2012-09-19,93.72000122070312,43.88479232788086,33.0,27.560209274291992
2012-09-20,93.27999877929688,43.67879104614258,33.15999984741211,27.69383430480957
2012-09-21,93.1500015258789,43.617889404296875,33.18000030517578,27.710533142089844
2012-09-24,93.02999877929688,43.56171798706055,33.290000915527344,27.802404403686523
2012-09-25,92.19999694824219,43.173057556152344,33.54999923706055,28.019540786743164
2012-09-26,91.73999786376953,42.95764923095703,33.72999954223633,28.169872283935547
2012-09-27,92.73999786376953,43.425899505615234,33.400001525878906,27.894275665283203
2012-09-28,92.30000305175781,43.219871520996094,33.45000076293945,27.936033248901367
2012-10-01,91.66000366210938,43.14693069458008,33.47999954223633,27.961082458496094
2012-10-02,91.88999938964844,43.25518798828125,33.5,27.9777889251709
2012-10-03,92.12000274658203,43.36345291137695,33.43000030517578,27.919328689575195
2012-10-04,92.51000213623047,43.54705047607422,33.2400016784668,27.76065444946289
2012-10-05,92.45999908447266,43.523494720458984,33.2400016784668,27.76065444946289
2012-10-08,92.33000183105469,43.462303161621094,33.29999923706055,27.810754776000977
2012-10-09,92.06999969482422,43.33993148803711,33.380001068115234,27.87757682800293
2012-10-10,91.8499984741211,43.23636245727539,33.4900016784668,27.96944236755371
2012-10-11,92.3499984741211,43.47172546386719,33.279998779296875,27.794050216674805
2012-10-12,92.51000213623047,43.54705047607422,33.220001220703125,27.74394989013672
2012-10-15,92.93000030517578,43.7447395324707,33.08000183105469,27.627023696899414
2012-10-16,93.2699966430664,43.90477752685547,32.90999984741211,27.48504638671875
2012-10-17,93.4800033569336,44.00365447998047,32.86000061035156,27.443288803100586
2012-10-18,93.43000030517578,43.98008346557617,32.869998931884766,27.451637268066406
2012-10-19,92.95999908447266,43.758880615234375,33.02000045776367,27.576913833618164
2012-10-22,92.9800033569336,43.7682991027832,32.9900016784668,27.551860809326172
2012-10-23,92.62999725341797,43.603515625,33.09000015258789,27.635372161865234
2012-10-24,92.55000305175781,43.56584930419922,33.189998626708984,27.718891143798828
2012-10-25,92.69999694824219,43.63646697998047,33.11000061035156,27.652082443237305
2012-10-26,92.4800033569336,43.53290557861328,33.2599983215332,27.777345657348633
2012-10-31,92.58999633789062,43.584686279296875,33.20000076293945,27.727237701416016
2012-11-01,92.54000091552734,43.561161041259766,32.95000076293945,27.518457412719727
2012-11-02,92.41000366210938,43.49996566772461,33.02000045776367,27.576913833618164
2012-11-05,92.26000213623047,43.42935562133789,33.060001373291016,27.610322952270508
2012-11-06,92.4000015258789,43.49525451660156,33.029998779296875,27.58526039123535
2012-11-07,91.8499984741211,43.23636245727539,33.209999084472656,27.7355899810791
2012-11-08,91.55000305175781,43.09513854980469,33.349998474121094,27.85251235961914
2012-11-09,91.38999938964844,43.01981735229492,33.400001525878906,27.894275665283203
2012-11-12,91.41999816894531,43.0339241027832,33.380001068115234,27.87757682800293
2012-11-13,91.20999908447266,42.93507385253906,33.52000045776367,27.994497299194336
2012-11-14,90.70999908447266,42.699729919433594,33.650001525878906,28.103069305419922
2012-11-15,90.66999816894531,42.6808967590332,33.630001068115234,28.08635902404785
2012-11-16,90.93000030517578,42.80329132080078,33.5099983215332,27.98613739013672
2012-11-19,92.08000183105469,43.34462356567383,33.130001068115234,27.668781280517578
2012-11-20,92.08999633789062,43.349334716796875,33.06999969482422,27.61867332458496
2012-11-21,92.05999755859375,43.3351936340332,33.04999923706055,27.601961135864258
2012-11-23,92.37000274658203,43.48116683959961,32.970001220703125,27.53515625
2012-11-26,92.38999938964844,43.49053955078125,32.90999984741211,27.48504638671875
2012-11-27,92.4800033569336,43.53290557861328,32.880001068115234,27.459997177124023
2012-11-28,92.5,43.542327880859375,32.88999938964844,27.468338012695312
2012-11-29,92.91000366210938,43.73531723022461,32.72999954223633,27.334720611572266
2012-11-30,93.05000305175781,43.801204681396484,32.650001525878906,27.267908096313477
2012-12-03,93.02999877929688,44.02316665649414,32.56999969482422,27.201086044311523
2012-12-04,93.02999877929688,44.02316665649414,32.4900016784668,27.134286880493164
2012-12-05,93.18000030517578,44.09413146972656,32.5,27.142629623413086
2012-12-06,93.3499984741211,44.17457580566406,32.41999816894531,27.07581329345703
2012-12-07,93.20999908447266,44.10834503173828,32.47999954223633,27.125925064086914
2012-12-10,93.29000091552734,44.146202087402344,32.40999984741211,27.06747055053711
2012-12-11,93.37999725341797,44.18877410888672,32.38999938964844,27.05076026916504
2012-12-12,93.66000366210938,44.32127380371094,32.27000045776367,26.950544357299805
2012-12-13,93.33000183105469,44.165138244628906,32.380001068115234,27.04241371154785
2012-12-14,93.26000213623047,44.131988525390625,32.380001068115234,27.04241371154785
2012-12-17,93.62000274658203,44.30236053466797,32.2599983215332,26.94219398498535
2012-12-18,93.66999816894531,44.326026916503906,32.22999954223633,26.91713523864746
2012-12-19,93.56999969482422,44.27866744995117,32.25,26.93384552001953
2012-12-20,93.9000015258789,44.43483352661133,32.20000076293945,26.892087936401367
2012-12-21,93.62999725341797,44.307106018066406,32.279998779296875,26.958894729614258
2012-12-24,93.29000091552734,44.146202087402344,32.400001525878906,27.059112548828125
2012-12-26,93.01000213623047,44.253257751464844,32.36000061035156,27.02570915222168
2012-12-27,93.19999694824219,44.34365463256836,32.290000915527344,26.967247009277344
2012-12-28,92.94999694824219,44.22469711303711,32.310001373291016,26.98395347595215
2012-12-31,93.3499984741211,44.4150390625,32.150001525878906,26.850330352783203
2013-01-02,94.2300033569336,44.833709716796875,31.860000610351562,26.608131408691406
2013-01-03,93.94000244140625,44.69572067260742,31.950000762939453,26.683298110961914
2013-01-04,94.0,44.724281311035156,31.920000076293945,26.65823745727539
2013-01-07,94.08000183105469,44.762351989746094,31.889999389648438,26.633188247680664
2013-01-08,94.01000213623047,44.72904586791992,31.90999984741211,26.649887084960938
2013-01-09,94.19000244140625,44.81464767456055,31.8799991607666,26.62483024597168
2013-01-10,94.3499984741211,44.89079666137695,31.81999969482422,26.57472038269043
2013-01-11,94.5199966430664,44.97168731689453,31.760000228881836,26.524612426757812
2013-01-14,94.38999938964844,44.90984344482422,31.790000915527344,26.54967498779297
2013-01-15,94.41000366210938,44.919349670410156,31.780000686645508,26.541318893432617
2013-01-16,94.25,44.84326171875,31.829999923706055,26.58307647705078
2013-01-17,94.58999633789062,45.00499725341797,31.709999084472656,26.48285484313965
2013-01-18,94.72000122070312,45.06684875488281,31.68000030517578,26.457799911499023
2013-01-22,94.77999877929688,45.095401763916016,31.639999389648438,26.42439079284668
2013-01-23,94.66999816894531,45.043060302734375,31.649999618530273,26.4327449798584
2013-01-24,94.87999725341797,45.14299392700195,31.6299991607666,26.416044235229492
2013-01-25,94.8499984741211,45.12869644165039,31.579999923706055,26.374290466308594
2013-01-28,94.80000305175781,45.10493469238281,31.670000076293945,26.449451446533203
2013-01-29,94.63999938964844,45.028804779052734,31.709999084472656,26.48285484313965
2013-01-30,93.95999908447266,44.705257415771484,31.90999984741211,26.649887084960938
2013-01-31,93.66999816894531,44.56727981567383,32.0,26.725053787231445
2013-02-01,93.4800033569336,44.715091705322266,31.889999389648438,26.633188247680664
2013-02-04,93.08999633789062,44.52850341796875,32.02000045776367,26.741756439208984
2013-02-05,93.30000305175781,44.62898254394531,31.959999084472656,26.69164276123047
2013-02-06,93.16000366210938,44.56203079223633,32.0,26.725053787231445
2013-02-07,92.9800033569336,44.47589874267578,32.060001373291016,26.77516746520996
2013-02-08,93.0,44.485469818115234,32.029998779296875,26.750104904174805
2013-02-11,92.98999786376953,44.480690002441406,32.04999923706055,26.76680564880371
2013-02-12,93.30999755859375,44.63373565673828,31.940000534057617,26.674942016601562
2013-02-13,93.44999694824219,44.700721740722656,31.899999618530273,26.641536712646484
2013-02-14,93.41000366210938,44.681617736816406,31.8700008392334,26.616485595703125
2013-02-15,93.41999816894531,44.6863899230957,31.899999618530273,26.641536712646484
2013-02-19,93.51000213623047,44.72943115234375,31.809999465942383,26.566368103027344
2013-02-20,93.41999816894531,44.6863899230957,31.860000610351562,26.608131408691406
2013-02-21,93.5199966430664,44.734222412109375,31.829999923706055,26.58307647705078
2013-02-22,93.75,44.8442268371582,31.75,26.516258239746094
2013-02-25,93.45999908447266,44.705501556396484,31.829999923706055,26.58307647705078
2013-02-26,93.91999816894531,44.92556381225586,31.709999084472656,26.48285484313965
2013-02-27,94.08000183105469,45.002079010009766,31.610000610351562,26.39933967590332
2013-02-28,94.04000091552734,44.98296356201172,31.600000381469727,26.390993118286133
2013-03-01,93.72000122070312,45.07242965698242,31.520000457763672,26.324176788330078
2013-03-04,93.7300033569336,45.07723617553711,31.510000228881836,26.315824508666992
2013-03-05,93.91999816894531,45.168609619140625,31.420000076293945,26.24066162109375
2013-03-06,93.86000061035156,45.13972091674805,31.450000762939453,26.26571273803711
2013-03-07,94.0,45.20705032348633,31.420000076293945,26.24066162109375
2013-03-08,94.11000061035156,45.25995635986328,31.3700008392334,26.19890785217285
2013-03-11,94.05000305175781,45.23109436035156,31.40999984741211,26.232311248779297
2013-03-12,94.01000213623047,45.211875915527344,31.40999984741211,26.232311248779297
2013-03-13,94.02999877929688,45.221458435058594,31.350000381469727,26.182201385498047
2013-03-14,94.38999938964844,45.39461135864258,31.260000228881836,26.107032775878906
2013-03-15,94.37999725341797,45.38981246948242,31.260000228881836,26.107032775878906
2013-03-18,94.4000015258789,45.3994140625,31.260000228881836,26.107032775878906
2013-03-19,94.23999786376953,45.322471618652344,31.299999237060547,26.140439987182617
2013-03-20,94.55000305175781,45.471553802490234,31.18000030517578,26.040224075317383
2013-03-21,94.37999725341797,45.38981246948242,31.290000915527344,26.132091522216797
2013-03-22,94.30999755859375,45.35612869262695,31.270000457763672,26.115385055541992
2013-03-25,94.16999816894531,45.28882598876953,31.329999923706055,26.16549301147461
2013-03-26,94.33999633789062,45.37056350708008,31.280000686645508,26.123741149902344
2013-03-27,94.18000030517578,45.29363250732422,31.299999237060547,26.140439987182617
2013-03-28,94.3499984741211,45.3753662109375,31.309999465942383,26.1487979888916
2013-04-01,94.02999877929688,45.45656967163086,31.209999084472656,26.065277099609375
2013-04-02,93.95999908447266,45.42277145385742,31.200000762939453,26.056926727294922
2013-04-03,93.95999908447266,45.42277145385742,31.260000228881836,26.107032775878906
2013-04-04,93.93000030517578,45.40826416015625,31.219999313354492,26.073627471923828
2013-04-05,94.0199966430664,45.4517707824707,31.190000534057617,26.04857635498047
2013-04-08,94.12000274658203,45.5001106262207,31.1200008392334,25.990116119384766
2013-04-09,94.41999816894531,45.64515686035156,31.010000228881836,25.898250579833984
2013-04-10,94.72000122070312,45.79016876220703,30.920000076293945,25.82308006286621
2013-04-11,94.72000122070312,45.79016876220703,30.90999984741211,25.814725875854492
2013-04-12,94.75,45.804656982421875,30.920000076293945,25.82308006286621
2013-04-15,94.1500015258789,45.514617919921875,31.100000381469727,25.97340965270996
2013-04-16,94.80000305175781,45.82887268066406,30.940000534057617,25.839786529541016
2013-04-17,94.6500015258789,45.75632858276367,30.950000762939453,25.84813690185547
2013-04-18,94.5,45.683807373046875,31.010000228881836,25.898250579833984
2013-04-19,94.44999694824219,45.659645080566406,31.030000686645508,25.914953231811523
2013-04-22,94.66999816894531,45.765987396240234,30.889999389648438,25.798023223876953
2013-04-23,95.04000091552734,45.94485855102539,30.81999969482422,25.739564895629883
2013-04-24,95.20999908447266,46.02706527709961,30.770000457763672,25.69780921936035
2013-04-25,95.47000122070312,46.1526985168457,30.649999618530273,25.59758758544922
2013-04-26,95.37000274658203,46.10436248779297,30.670000076293945,25.614290237426758
2013-04-29,95.55000305175781,46.19142532348633,30.610000610351562,25.564186096191406
2013-04-30,95.8499984741211,46.336421966552734,30.540000915527344,25.505725860595703
2013-05-01,95.19999694824219,46.248023986816406,30.549999237060547,25.514074325561523
2013-05-02,95.80999755859375,46.54435348510742,30.389999389648438,25.38044548034668
2013-05-03,95.95999908447266,46.61724090576172,30.329999923706055,25.33033561706543
2013-05-06,96.0199966430664,46.6463737487793,30.31999969482422,25.32198715209961
2013-05-07,95.94999694824219,46.61233901977539,30.31999969482422,25.32198715209961
2013-05-08,96.29000091552734,46.777523040771484,30.219999313354492,25.23847007751465
2013-05-09,96.01000213623047,46.64149856567383,30.270000457763672,25.280229568481445
2013-05-10,95.51000213623047,46.39863586425781,30.450000762939453,25.430561065673828
2013-05-13,95.12000274658203,46.20915985107422,30.56999969482422,25.530771255493164
2013-05-14,95.22000122070312,46.25772476196289,30.670000076293945,25.614290237426758
2013-05-15,95.2300033569336,46.26259231567383,30.6200008392334,25.57253646850586
2013-05-16,95.45999908447266,46.37430953979492,30.489999771118164,25.463960647583008
2013-05-17,95.45999908447266,46.37430953979492,30.459999084472656,25.438907623291016
2013-05-20,95.55999755859375,46.422908782958984,30.440000534057617,25.422203063964844
2013-05-21,95.73999786376953,46.510345458984375,30.399999618530273,25.3887996673584
2013-05-22,95.1500015258789,46.2237434387207,30.559999465942383,25.522424697875977
2013-05-23,94.88999938964844,46.097412109375,30.639999389648438,25.589237213134766
2013-05-24,94.70999908447266,46.00999069213867,30.75,25.68110466003418
2013-05-28,94.36000061035156,45.839969635009766,30.799999237060547,25.72286033630371
2013-05-29,93.9800033569336,45.655357360839844,31.0,25.8898983001709
2013-05-30,94.16999816894531,45.74766540527344,30.8700008392334,25.78132438659668
2013-05-31,92.91999816894531,45.140403747558594,31.25,26.09868621826172
2013-06-03,92.36000061035156,45.10086441040039,31.709999084472656,26.48285484313965
2013-06-04,92.36000061035156,45.10086441040039,31.40999984741211,26.232311248779297
2013-06-05,91.55999755859375,44.71019744873047,31.56999969482422,26.365934371948242
2013-06-06,92.27999877929688,45.061798095703125,31.389999389648438,26.215608596801758
2013-06-07,92.33999633789062,45.0910758972168,31.440000534057617,26.25735855102539
2013-06-10,92.1500015258789,44.99827194213867,31.31999969482422,26.157148361206055
2013-06-11,91.58000183105469,44.71997833251953,31.68000030517578,26.457799911499023
2013-06-12,91.6500015258789,44.75413513183594,31.639999389648438,26.42439079284668
2013-06-13,92.69999694824219,45.266876220703125,31.1200008392334,25.990116119384766
2013-06-14,92.80999755859375,45.32060241699219,31.110000610351562,25.981760025024414
2013-06-17,92.80000305175781,45.3156852722168,31.0,25.8898983001709
2013-06-18,93.02999877929688,45.42800521850586,31.1299991607666,25.998464584350586
2013-06-19,91.63999938964844,44.749267578125,31.479999542236328,26.290771484375
2013-06-20,90.73999786376953,44.309776306152344,31.8799991607666,26.62483024597168
2013-06-21,90.1500015258789,44.02167510986328,31.979999542236328,26.70835304260254
2013-06-24,89.04000091552734,43.47962188720703,32.43000030517578,27.084171295166016
2013-06-25,90.30999755859375,44.09982681274414,32.04999923706055,26.76680564880371
2013-06-26,91.05999755859375,44.46604537963867,31.56999969482422,26.365934371948242
2013-06-27,91.5,44.68086242675781,31.350000381469727,26.182201385498047
2013-06-28,90.87999725341797,44.37812805175781,31.690000534057617,26.466154098510742
2013-07-01,90.88999938964844,44.61868667602539,31.489999771118164,26.299121856689453
2013-07-02,90.61000061035156,44.4812126159668,31.579999923706055,26.374290466308594
2013-07-03,90.81999969482422,44.58433151245117,31.510000228881836,26.315824508666992
2013-07-05,89.8499984741211,44.10817337036133,31.81999969482422,26.57472038269043
2013-07-08,91.08999633789062,44.716854095458984,31.299999237060547,26.140439987182617
2013-07-09,91.13999938964844,44.741390228271484,31.459999084472656,26.274065017700195
2013-07-10,91.5,44.918094635009766,31.329999923706055,26.16549301147461
2013-07-11,92.6500015258789,45.482696533203125,30.799999237060547,25.72286033630371
2013-07-12,92.55999755859375,45.438507080078125,30.780000686645508,25.706157684326172
2013-07-15,92.94999694824219,45.62995529174805,30.719999313354492,25.656049728393555
2013-07-16,92.72000122070312,45.517051696777344,30.790000915527344,25.714515686035156
2013-07-17,93.4000015258789,45.85087585449219,30.649999618530273,25.59758758544922
2013-07-18,93.95999908447266,46.12577819824219,30.399999618530273,25.3887996673584
2013-07-19,93.9000015258789,46.09632110595703,30.520000457763672,25.489017486572266
2013-07-22,93.97000122070312,46.130680084228516,30.290000915527344,25.29693031311035
2013-07-23,93.73999786376953,46.01778030395508,30.3700008392334,25.363746643066406
2013-07-24,92.94999694824219,45.62995529174805,30.690000534057617,25.630996704101562
2013-07-25,92.73999786376953,45.52688217163086,30.829999923706055,25.7479190826416
2013-07-26,92.77999877929688,45.54650115966797,30.780000686645508,25.706157684326172
2013-07-29,92.58000183105469,45.44833755493164,30.75,25.68110466003418
2013-07-30,92.70999908447266,45.512115478515625,30.780000686645508,25.706157684326172
2013-07-31,92.9800033569336,45.64467239379883,30.75,25.68110466003418
2013-08-01,91.6500015258789,45.21206283569336,30.860000610351562,25.772968292236328
2013-08-02,92.20999908447266,45.48830795288086,30.760000228881836,25.689455032348633
2013-08-05,91.73999786376953,45.25641632080078,30.8700008392334,25.78132438659668
2013-08-06,91.6500015258789,45.21206283569336,31.020000457763672,25.90660285949707
2013-08-07,91.36000061035156,45.06898880004883,31.020000457763672,25.90660285949707
2013-08-08,91.55999755859375,45.16765594482422,30.989999771118164,25.881540298461914
2013-08-09,91.56999969482422,45.17256164550781,30.950000762939453,25.84813690185547
2013-08-12,91.48999786376953,45.13312530517578,31.020000457763672,25.90660285949707
2013-08-13,91.48999786376953,45.13312530517578,31.020000457763672,25.90660285949707
2013-08-14,91.30999755859375,45.044281005859375,31.06999969482422,25.948354721069336
2013-08-15,90.83999633789062,44.81245803833008,31.15999984741211,26.02351951599121
2013-08-16,90.52999877929688,44.6595344543457,31.219999313354492,26.073627471923828
2013-08-19,89.93000030517578,44.363555908203125,31.559999465942383,26.357580184936523
2013-08-20,90.76000213623047,44.77299118041992,31.190000534057617,26.04857635498047
2013-08-21,90.43000030517578,44.61019515991211,31.25,26.09868621826172
2013-08-22,90.91999816894531,44.85194396972656,31.09000015258789,25.965055465698242
2013-08-23,91.30000305175781,45.03939437866211,31.06999969482422,25.948354721069336
2013-08-26,91.30999755859375,45.044281005859375,31.1299991607666,25.998464584350586
2013-08-27,90.72000122070312,44.753273010253906,31.270000457763672,26.115385055541992
2013-08-28,91.05999755859375,44.92100143432617,31.1200008392334,25.990116119384766
2013-08-29,91.43000030517578,45.103511810302734,31.079999923706055,25.95671272277832
2013-08-30,91.3499984741211,45.06406784057617,31.030000686645508,25.914953231811523
2013-09-03,90.38999938964844,44.82602310180664,31.139999389648438,26.00681495666504
2013-09-04,90.7300033569336,44.994659423828125,31.010000228881836,25.898250579833984
2013-09-05,90.2699966430664,44.76651382446289,31.190000534057617,26.04857635498047
2013-09-06,90.56999969482422,44.91527557373047,31.09000015258789,25.965055465698242
2013-09-09,90.80000305175781,45.029354095458984,30.979999542236328,25.873191833496094
2013-09-10,91.12000274658203,45.18804931640625,30.920000076293945,25.82308006286621
2013-09-11,91.23999786376953,45.247554779052734,30.829999923706055,25.7479190826416
2013-09-12,91.12999725341797,45.19297790527344,30.90999984741211,25.814725875854492
2013-09-13,91.05999755859375,45.15827941894531,30.93000030517578,25.83143424987793
2013-09-16,91.55999755859375,45.4062385559082,30.729999542236328,25.664403915405273
2013-09-17,91.86000061035156,45.55500030517578,30.600000381469727,25.555835723876953
2013-09-18,92.73999786376953,45.991432189941406,30.25,25.263525009155273
2013-09-19,92.47000122070312,45.8575325012207,30.34000015258789,25.338687896728516
2013-09-20,92.36000061035156,45.80298614501953,30.290000915527344,25.29693031311035
2013-09-23,92.3499984741211,45.79800796508789,30.329999923706055,25.33033561706543
2013-09-24,92.1500015258789,45.698822021484375,30.34000015258789,25.338687896728516
2013-09-25,91.98999786376953,45.61949920654297,30.40999984741211,25.39714813232422
2013-09-26,91.94000244140625,45.59468460083008,30.5,25.472318649291992
2013-09-27,91.83999633789062,45.54508590698242,30.530000686645508,25.49736976623535
2013-09-30,91.58000183105469,45.416175842285156,30.5,25.472318649291992
2013-10-01,91.52999877929688,45.61299514770508,30.450000762939453,25.430561065673828
2013-10-02,91.56999969482422,45.632930755615234,30.489999771118164,25.463960647583008
2013-10-03,91.62999725341797,45.66285705566406,30.43000030517578,25.413854598999023
2013-10-04,91.79000091552734,45.742549896240234,30.360000610351562,25.355388641357422
2013-10-07,91.55000305175781,45.62296676635742,30.40999984741211,25.39714813232422
2013-10-08,91.51000213623047,45.6030387878418,30.510000228881836,25.480663299560547
2013-10-09,91.58999633789062,45.642887115478516,30.450000762939453,25.430561065673828
2013-10-10,92.01000213623047,45.85220718383789,30.270000457763672,25.280229568481445
2013-10-11,92.18000030517578,45.93695068359375,30.290000915527344,25.29693031311035
2013-10-14,92.31999969482422,46.00669860839844,30.190000534057617,25.213417053222656
2013-10-15,92.29000091552734,45.991756439208984,30.329999923706055,25.33033561706543
2013-10-16,92.77999877929688,46.235923767089844,29.959999084472656,25.02132797241211
2013-10-17,93.2300033569336,46.46018981933594,29.84000015258789,24.921117782592773
2013-10-18,93.41999816894531,46.55489730834961,29.75,24.845945358276367
2013-10-21,93.20999908447266,46.4502067565918,29.81999969482422,24.90441131591797
2013-10-22,93.48999786376953,46.58973693847656,29.729999542236328,24.829240798950195
2013-10-23,93.56999969482422,46.629615783691406,29.84000015258789,24.921117782592773
2013-10-24,93.5999984741211,46.644554138183594,29.690000534057617,24.79583740234375
2013-10-25,93.62999725341797,46.659515380859375,29.770000457763672,24.862653732299805
2013-10-28,93.61000061035156,46.6495475769043,29.709999084472656,24.81254005432129
2013-10-29,93.76000213623047,46.724308013916016,29.739999771118164,24.837594985961914
2013-10-30,93.37999725341797,46.534915924072266,29.84000015258789,24.921117782592773
2013-10-31,93.43000030517578,46.559844970703125,29.790000915527344,24.87935447692871
2013-11-01,92.81999969482422,46.479705810546875,29.84000015258789,24.921117782592773
2013-11-04,92.9800033569336,46.55982971191406,29.84000015258789,24.921117782592773
2013-11-05,92.7300033569336,46.434661865234375,29.829999923706055,24.91275978088379
2013-11-06,93.0,46.56984329223633,29.780000686645508,24.871000289916992
2013-11-07,93.05999755859375,46.59990310668945,29.690000534057617,24.79583740234375
2013-11-08,92.9000015258789,46.5197868347168,29.780000686645508,24.871000289916992
2013-11-11,92.55000305175781,46.34450912475586,29.950000762939453,25.012977600097656
2013-11-12,92.41999816894531,46.2794303894043,29.979999542236328,25.038028717041016
2013-11-13,92.7699966430664,46.454689025878906,29.8799991607666,24.95451545715332
2013-11-14,93.04000091552734,46.589908599853516,29.739999771118164,24.837594985961914
2013-11-15,93.18000030517578,46.65999221801758,29.639999389648438,24.754077911376953
2013-11-18,92.91000366210938,46.524776458740234,29.770000457763672,24.862653732299805
2013-11-19,92.87000274658203,46.50477981567383,29.75,24.845945358276367
2013-11-20,92.77999877929688,46.45969009399414,29.809999465942383,24.89605712890625
2013-11-21,93.0999984741211,46.61995315551758,29.649999618530273,24.762428283691406
2013-11-22,93.16999816894531,46.65498352050781,29.670000076293945,24.77913475036621
2013-11-25,93.30999755859375,46.72508239746094,29.579999923706055,24.703968048095703
2013-11-26,93.37999725341797,46.76011657714844,29.530000686645508,24.66221046447754
2013-11-27,93.31999969482422,46.730098724365234,29.56999969482422,24.695615768432617
2013-11-29,93.41999816894531,46.78016662597656,29.540000915527344,24.670568466186523
2013-12-02,93.0,46.795249938964844,29.530000686645508,24.66221046447754
2013-12-03,92.91000366210938,46.749969482421875,29.600000381469727,24.720670700073242
2013-12-04,92.66999816894531,46.62919998168945,29.59000015258789,24.712324142456055
2013-12-05,92.5999984741211,46.59400177001953,29.65999984741211,24.770784378051758
2013-12-06,92.86000061035156,46.72481918334961,29.510000228881836,24.645511627197266
2013-12-09,93.19999694824219,46.895931243896484,29.420000076293945,24.570344924926758
2013-12-10,93.19999694824219,46.895931243896484,29.489999771118164,24.62879753112793
2013-12-11,92.91999816894531,46.755008697509766,29.690000534057617,24.79583740234375
2013-12-12,92.75,46.66950225830078,29.56999969482422,24.695615768432617
2013-12-13,92.9000015258789,46.744956970214844,29.549999237060547,24.67891502380371
2013-12-16,92.9800033569336,46.78519821166992,29.6299991607666,24.745725631713867
2013-12-17,92.98999786376953,46.79021453857422,29.559999465942383,24.6872615814209
2013-12-18,93.1500015258789,46.870758056640625,29.459999084472656,24.60375213623047
2013-12-19,93.05000305175781,46.82040786743164,29.559999465942383,24.6872615814209
2013-12-20,93.11000061035156,46.85063171386719,29.469999313354492,24.612102508544922
2013-12-23,93.18000030517578,46.88584899902344,29.450000762939453,24.595399856567383
2013-12-24,93.12999725341797,46.86069869995117,29.399999618530273,24.553640365600586
2013-12-26,92.75,46.90471267700195,29.530000686645508,24.66221046447754
2013-12-27,92.73999786376953,46.89963912963867,29.440000534057617,24.587053298950195
2013-12-30,92.81999969482422,46.9400634765625,29.209999084472656,24.394962310791016
2013-12-31,92.87999725341797,46.970401763916016,29.329999923706055,24.495182037353516
2014-01-02,93.04000091552734,47.05135726928711,29.31999969482422,24.48682975769043
2014-01-03,93.01000213623047,47.03615188598633,29.31999969482422,24.48682975769043
2014-01-06,93.20999908447266,47.1373176574707,29.309999465942383,24.478479385375977
2014-01-07,93.20999908447266,47.1373176574707,29.209999084472656,24.394962310791016
2014-01-08,93.1500015258789,47.10697555541992,29.280000686645508,24.45342254638672
2014-01-09,93.29000091552734,47.17776870727539,29.219999313354492,24.40331268310547
2014-01-10,93.56999969482422,47.31938934326172,29.190000534057617,24.37826156616211
2014-01-13,93.47000122070312,47.268798828125,29.260000228881836,24.43671989440918
2014-01-14,93.61000061035156,47.33957290649414,29.15999984741211,24.353200912475586
2014-01-15,93.80000305175781,47.4356575012207,29.09000015258789,24.294742584228516
2014-01-16,93.76000213623047,47.415443420410156,29.06999969482422,24.278038024902344
2014-01-17,93.77999877929688,47.42556381225586,29.110000610351562,24.311445236206055
2014-01-21,93.9000015258789,47.4862060546875,29.049999237060547,24.261337280273438
2014-01-22,93.76000213623047,47.415443420410156,29.06999969482422,24.278038024902344
2014-01-23,93.63999938964844,47.354732513427734,29.030000686645508,24.24463653564453
2014-01-24,93.0199966430664,47.04121017456055,29.329999923706055,24.495182037353516
2014-01-27,92.98999786376953,47.026031494140625,29.309999465942383,24.478479385375977
2014-01-28,93.4000015258789,47.23339080810547,29.170000076293945,24.36155128479004
2014-01-29,93.12000274658203,47.091793060302734,29.31999969482422,24.48682975769043
2014-01-30,93.27999877929688,47.17272186279297,29.200000762939453,24.386608123779297
2014-01-31,93.25,47.15754318237305,29.360000610351562,24.52023696899414
2014-02-03,92.51000213623047,47.01622772216797,29.43000030517578,24.578697204589844
2014-02-04,92.62000274658203,47.0721549987793,29.260000228881836,24.43671989440918
2014-02-05,92.62000274658203,47.0721549987793,29.270000457763672,24.445072174072266
2014-02-06,92.94999694824219,47.2398796081543,29.219999313354492,24.40331268310547
2014-02-07,93.41999816894531,47.47873306274414,28.90999984741211,24.144411087036133
2014-02-10,93.4800033569336,47.509246826171875,29.010000228881836,24.22793197631836
2014-02-11,93.63999938964844,47.59052658081055,28.920000076293945,24.152767181396484
2014-02-12,93.48999786376953,47.51430130004883,28.920000076293945,24.152767181396484
2014-02-13,93.76000213623047,47.651527404785156,28.829999923706055,24.07760238647461
2014-02-14,93.91000366210938,47.727787017822266,28.84000015258789,24.085956573486328
2014-02-18,94.04000091552734,47.793827056884766,28.739999771118164,24.002437591552734
2014-02-19,93.80000305175781,47.671844482421875,28.770000457763672,24.027488708496094
2014-02-20,94.08999633789062,47.819244384765625,28.770000457763672,24.027488708496094
2014-02-21,94.16999816894531,47.85990524291992,28.719999313354492,23.985734939575195
2014-02-24,94.37999725341797,47.96662139892578,28.670000076293945,23.94397735595703
2014-02-25,94.48999786376953,48.02253723144531,28.610000610351562,23.89386749267578
2014-02-26,94.6500015258789,48.103858947753906,28.65999984741211,23.935626983642578
2014-02-27,94.83000183105469,48.19533157348633,28.530000686645508,23.827054977416992
2014-02-28,94.93000030517578,48.24613952636719,28.540000915527344,23.835407257080078
2014-03-03,94.37999725341797,48.20172119140625,28.469999313354492,23.776945114135742
2014-03-04,94.72000122070312,48.37538146972656,28.40999984741211,23.726837158203125
2014-03-05,94.55000305175781,48.28855514526367,28.469999313354492,23.776945114135742
2014-03-06,94.41000366210938,48.21702575683594,28.440000534057617,23.751893997192383
2014-03-07,94.05000305175781,48.033172607421875,28.56999969482422,23.86046028137207
2014-03-10,94.05999755859375,48.03830337524414,28.579999923706055,23.86881446838379
2014-03-11,93.95999908447266,47.987247467041016,28.579999923706055,23.86881446838379
2014-03-12,94.12000274658203,48.0689697265625,28.549999237060547,23.843765258789062
2014-03-13,93.87000274658203,47.94125747680664,28.6200008392334,23.902217864990234
2014-03-14,93.80000305175781,47.90549850463867,28.600000381469727,23.885515213012695
2014-03-17,93.93000030517578,47.97188186645508,28.549999237060547,23.843765258789062
2014-03-18,94.20999908447266,48.11487579345703,28.489999771118164,23.79364776611328
2014-03-19,93.7300033569336,47.86977005004883,28.68000030517578,23.95233154296875
2014-03-20,94.05000305175781,48.033172607421875,28.600000381469727,23.885515213012695
2014-03-21,93.98999786376953,48.00252914428711,28.5,23.801998138427734
2014-03-24,94.0199966430664,48.01786804199219,28.5,23.801998138427734
2014-03-25,94.20999908447266,48.11487579345703,28.510000228881836,23.810352325439453
2014-03-26,94.2300033569336,48.125099182128906,28.399999618530273,23.718482971191406
2014-03-27,94.08999633789062,48.05360794067383,28.479999542236328,23.785293579101562
2014-03-28,94.25,48.135353088378906,28.479999542236328,23.785293579101562
2014-03-31,94.38999938964844,48.20685577392578,28.389999389648438,23.710128784179688
2014-04-01,94.12000274658203,48.296661376953125,28.280000686645508,23.61826515197754
2014-04-02,94.0199966430664,48.24531936645508,28.350000381469727,23.676727294921875
2014-04-03,94.05999755859375,48.26586151123047,28.31999969482422,23.65166473388672
2014-04-04,94.27999877929688,48.37874221801758,28.299999237060547,23.634963989257812
2014-04-07,94.08000183105469,48.27611541748047,28.360000610351562,23.685077667236328
2014-04-08,94.30000305175781,48.38899612426758,28.3799991607666,23.7017822265625
2014-04-09,94.44999694824219,48.465965270996094,28.200000762939453,23.551454544067383
2014-04-10,94.18000030517578,48.327423095703125,28.229999542236328,23.576507568359375
2014-04-11,93.77999877929688,48.12217330932617,28.440000534057617,23.751893997192383
2014-04-14,94.08000183105469,48.27611541748047,28.299999237060547,23.634963989257812
2014-04-15,94.18000030517578,48.327423095703125,28.389999389648438,23.710128784179688
2014-04-16,94.2300033569336,48.35306167602539,28.299999237060547,23.634963989257812
2014-04-17,94.12000274658203,48.296661376953125,28.299999237060547,23.634963989257812
2014-04-21,94.12000274658203,48.296661376953125,28.31999969482422,23.65166473388672
2014-04-22,94.22000122070312,48.34791946411133,28.270000457763672,23.60991668701172
2014-04-23,94.25,48.363372802734375,28.270000457763672,23.60991668701172
2014-04-24,94.2699966430664,48.373600006103516,28.350000381469727,23.676727294921875
2014-04-25,94.23999786376953,48.358192443847656,28.31999969482422,23.65166473388672
2014-04-28,94.22000122070312,48.34791946411133,28.3700008392334,23.693431854248047
2014-04-29,94.36000061035156,48.419803619384766,28.209999084472656,23.559799194335938
2014-04-30,94.33999633789062,48.4095344543457,28.260000228881836,23.6015625
2014-05-01,93.81999969482422,48.3595085144043,28.25,23.593210220336914
2014-05-02,94.04000091552734,48.47294235229492,28.270000457763672,23.60991668701172
2014-05-05,94.0,48.45232009887695,28.280000686645508,23.61826515197754
2014-05-06,94.0199966430664,48.462589263916016,28.200000762939453,23.551454544067383
2014-05-07,94.16000366210938,48.5347900390625,28.18000030517578,23.53474998474121
2014-05-08,94.13999938964844,48.52445983886719,28.270000457763672,23.60991668701172
2014-05-09,94.2300033569336,48.570838928222656,28.079999923706055,23.451231002807617
2014-05-12,94.33000183105469,48.62240219116211,28.190000534057617,23.543100357055664
2014-05-13,94.4800033569336,48.699737548828125,28.139999389648438,23.5013427734375
2014-05-14,94.52999877929688,48.72548294067383,28.059999465942383,23.434532165527344
2014-05-15,94.44000244140625,48.679100036621094,28.1200008392334,23.48464584350586
2014-05-16,94.62999725341797,48.77703094482422,27.979999542236328,23.367717742919922
2014-05-19,94.7699966430664,48.849205017089844,28.030000686645508,23.40947723388672
2014-05-20,94.6500015258789,48.787349700927734,28.0,23.38442039489746
2014-05-21,94.63999938964844,48.78221130371094,28.06999969482422,23.442880630493164
2014-05-22,94.70999908447266,48.81828308105469,28.040000915527344,23.41782569885254
2014-05-23,94.73999786376953,48.833763122558594,27.950000762939453,23.342666625976562
2014-05-27,94.83000183105469,48.88010787963867,27.969999313354492,23.3593692779541
2014-05-28,94.86000061035156,48.895599365234375,28.0,23.38442039489746
2014-05-29,94.94999694824219,48.941978454589844,27.93000030517578,23.325958251953125
2014-05-30,95.05000305175781,48.99351501464844,27.889999389648438,23.29255485534668
2014-06-02,94.31999969482422,48.837684631347656,27.93000030517578,23.325958251953125
2014-06-03,94.33000183105469,48.84284973144531,27.959999084472656,23.351015090942383
2014-06-04,94.33000183105469,48.84284973144531,28.0,23.38442039489746
2014-06-05,94.55999755859375,48.96193313598633,27.93000030517578,23.325958251953125
2014-06-06,94.83000183105469,49.10172653198242,27.84000015258789,23.25079345703125
2014-06-09,94.94000244140625,49.15871047973633,27.809999465942383,23.225740432739258
2014-06-10,94.88999938964844,49.1328125,27.75,23.175628662109375
2014-06-11,94.9000015258789,49.13801193237305,27.780000686645508,23.200685501098633
2014-06-12,94.83999633789062,49.106929779052734,27.799999237060547,23.217390060424805
2014-06-13,94.94999694824219,49.163883209228516,27.690000534057617,23.12552261352539
2014-06-16,94.9000015258789,49.13801193237305,27.799999237060547,23.217390060424805
2014-06-17,94.83000183105469,49.10172653198242,27.780000686645508,23.200685501098633
2014-06-18,95.26000213623047,49.32440185546875,27.690000534057617,23.12552261352539
2014-06-19,95.23999786376953,49.31406021118164,27.690000534057617,23.12552261352539
2014-06-20,95.33000183105469,49.36064147949219,27.670000076293945,23.108814239501953
2014-06-23,95.31999969482422,49.355445861816406,27.649999618530273,23.092117309570312
2014-06-24,95.23999786376953,49.31406021118164,27.59000015258789,23.042007446289062
2014-06-25,95.37999725341797,49.38654327392578,27.6299991607666,23.075410842895508
2014-06-26,95.27999877929688,49.334774017333984,27.649999618530273,23.092117309570312
2014-06-27,95.27999877929688,49.334774017333984,27.670000076293945,23.108814239501953
2014-06-30,95.19999694824219,49.29335021972656,27.59000015258789,23.042007446289062
2014-07-01,94.80999755859375,49.30632781982422,27.670000076293945,23.108814239501953
2014-07-02,94.87000274658203,49.33753204345703,27.719999313354492,23.150577545166016
2014-07-03,94.7300033569336,49.26472091674805,27.639999389648438,23.08376121520996
2014-07-07,94.66000366210938,49.22831344604492,27.760000228881836,23.18398094177246
2014-07-08,94.68000030517578,49.23871994018555,27.770000457763672,23.19233512878418
2014-07-09,94.61000061035156,49.20232009887695,27.700000762939453,23.133872985839844
2014-07-10,94.31999969482422,49.0515251159668,27.899999618530273,23.300905227661133
2014-07-11,94.4800033569336,49.134708404541016,27.809999465942383,23.225740432739258
2014-07-14,94.44999694824219,49.11911392211914,27.75,23.175628662109375
2014-07-15,94.30000305175781,49.04110336303711,27.799999237060547,23.217390060424805
2014-07-16,94.1500015258789,48.963104248046875,27.860000610351562,23.267501831054688
2014-07-17,93.48999786376953,48.6198616027832,27.979999542236328,23.367717742919922
2014-07-18,93.87999725341797,48.82266616821289,27.979999542236328,23.367717742919922
2014-07-21,93.72000122070312,48.739479064941406,27.969999313354492,23.3593692779541
2014-07-22,93.8499984741211,48.80709457397461,27.950000762939453,23.342666625976562
2014-07-23,94.02999877929688,48.90069580078125,27.950000762939453,23.342666625976562
2014-07-24,94.19999694824219,48.98908996582031,27.889999389648438,23.29255485534668
2014-07-25,94.04000091552734,48.90587615966797,28.0,23.38442039489746
2014-07-28,93.76000213623047,48.76029586791992,27.959999084472656,23.351015090942383
2014-07-29,93.62999725341797,48.69264602661133,27.959999084472656,23.351015090942383
2014-07-30,93.23999786376953,48.48984146118164,28.040000915527344,23.41782569885254
2014-07-31,92.4800033569336,48.0946044921875,28.31999969482422,23.65166473388672
2014-08-01,92.04000091552734,48.08992004394531,28.360000610351562,23.685077667236328
2014-08-04,92.5999984741211,48.38248825073242,28.15999984741211,23.518049240112305
2014-08-05,92.41999816894531,48.288448333740234,28.219999313354492,23.568151473999023
2014-08-06,92.63999938964844,48.403419494628906,28.149999618530273,23.50969696044922
2014-08-07,92.69999694824219,48.43474578857422,28.09000015258789,23.459585189819336
2014-08-08,92.98999786376953,48.58625030517578,27.950000762939453,23.342666625976562
2014-08-11,93.43000030517578,48.8161735534668,27.850000381469727,23.25914764404297
2014-08-12,93.41000366210938,48.80571746826172,27.850000381469727,23.25914764404297
2014-08-13,93.68000030517578,48.946773529052734,27.780000686645508,23.200685501098633
2014-08-14,93.86000061035156,49.040836334228516,27.68000030517578,23.117170333862305
2014-08-15,94.05000305175781,49.14009475708008,27.690000534057617,23.12552261352539
2014-08-18,94.31999969482422,49.28118133544922,27.549999237060547,23.00860023498535
2014-08-19,94.29000091552734,49.265506744384766,27.600000381469727,23.050357818603516
2014-08-20,94.36000061035156,49.30210876464844,27.59000015258789,23.042007446289062
2014-08-21,94.36000061035156,49.30210876464844,27.559999465942383,23.016950607299805
2014-08-22,94.12999725341797,49.18190383911133,27.649999618530273,23.092117309570312
2014-08-25,94.33000183105469,49.286407470703125,27.56999969482422,23.025304794311523
2014-08-26,94.4000015258789,49.32297134399414,27.549999237060547,23.00860023498535
2014-08-27,94.30999755859375,49.27594757080078,27.579999923706055,23.03365707397461
2014-08-28,94.16999816894531,49.202816009521484,27.6299991607666,23.075410842895508
2014-08-29,94.23999786376953,49.2393913269043,27.600000381469727,23.050357818603516
2014-09-02,93.91999816894531,49.297088623046875,27.559999465942383,23.016950607299805
2014-09-03,93.68000030517578,49.1711311340332,27.600000381469727,23.050357818603516
2014-09-04,93.37000274658203,49.008426666259766,27.719999313354492,23.150577545166016
2014-09-05,93.26000213623047,48.95070266723633,27.670000076293945,23.108814239501953
2014-09-08,93.16999816894531,48.903446197509766,27.770000457763672,23.19233512878418
2014-09-09,92.73999786376953,48.67778396606445,27.850000381469727,23.25914764404297
2014-09-10,92.77999877929688,48.69874954223633,27.8700008392334,23.275850296020508
2014-09-11,92.77999877929688,48.69874954223633,27.8799991607666,23.284204483032227
2014-09-12,92.66999816894531,48.6410026550293,27.93000030517578,23.325958251953125
2014-09-15,92.5,48.55177307128906,27.950000762939453,23.342666625976562
2014-09-16,92.69000244140625,48.651527404785156,27.8700008392334,23.275850296020508
2014-09-17,92.98999786376953,48.808963775634766,27.780000686645508,23.200685501098633
2014-09-18,93.0199966430664,48.82470703125,27.739999771118164,23.16727638244629
2014-09-19,93.16000366210938,48.8982048034668,27.690000534057617,23.12552261352539
2014-09-22,92.98999786376953,48.808963775634766,27.729999542236328,23.15892791748047
2014-09-23,92.5199966430664,48.562294006347656,27.920000076293945,23.31760597229004
2014-09-24,92.23999786376953,48.415321350097656,27.979999542236328,23.367717742919922
2014-09-25,91.61000061035156,48.08462142944336,28.110000610351562,23.476287841796875
2014-09-26,91.55000305175781,48.05313491821289,28.110000610351562,23.476287841796875
2014-09-29,91.36000061035156,47.95341873168945,28.200000762939453,23.551454544067383
2014-09-30,91.94999694824219,48.26306915283203,28.0,23.38442039489746
2014-10-01,91.66000366210938,48.31633377075195,27.989999771118164,23.37606430053711
2014-10-02,91.83999633789062,48.411224365234375,27.889999389648438,23.29255485534668
2014-10-03,92.1500015258789,48.57461166381836,27.780000686645508,23.200685501098633
2014-10-06,92.25,48.62734603881836,27.790000915527344,23.209041595458984
2014-10-07,91.9000015258789,48.442832946777344,27.950000762939453,23.342666625976562
2014-10-08,92.33999633789062,48.674766540527344,27.780000686645508,23.200685501098633
2014-10-09,91.36000061035156,48.15818786621094,28.040000915527344,23.41782569885254
2014-10-10,90.62000274658203,47.76811599731445,28.290000915527344,23.626615524291992
2014-10-13,90.16999816894531,47.53092575073242,28.40999984741211,23.726837158203125
2014-10-14,90.47000122070312,47.689056396484375,28.3700008392334,23.693431854248047
2014-10-15,90.48999786376953,47.69960021972656,28.229999542236328,23.576507568359375
2014-10-16,91.0,47.96843338012695,28.18000030517578,23.53474998474121
2014-10-17,91.7699966430664,48.37433624267578,27.75,23.175628662109375
2014-10-20,92.43000030517578,48.72220230102539,27.6200008392334,23.067060470581055
2014-10-21,93.18000030517578,49.11757278442383,27.459999084472656,22.93343162536621
2014-10-22,92.56999969482422,48.79603958129883,27.700000762939453,23.133872985839844
2014-10-23,92.52999877929688,48.774925231933594,27.6200008392334,23.067060470581055
2014-10-24,92.79000091552734,48.91197204589844,27.600000381469727,23.050357818603516
2014-10-27,92.41000366210938,48.711673736572266,27.709999084472656,23.142223358154297
2014-10-28,92.55999755859375,48.790740966796875,27.610000610351562,23.05870819091797
2014-10-29,92.48999786376953,48.753849029541016,27.690000534057617,23.12552261352539
2014-10-30,92.44999694824219,48.732757568359375,27.639999389648438,23.08376121520996
2014-10-31,92.52999877929688,48.774925231933594,27.59000015258789,23.042007446289062
2014-11-03,92.31999969482422,48.877628326416016,27.520000457763672,22.983543395996094
2014-11-04,92.02999877929688,48.72409439086914,27.709999084472656,23.142223358154297
2014-11-05,92.01000213623047,48.71354675292969,27.610000610351562,23.05870819091797
2014-11-06,92.25,48.840599060058594,27.56999969482422,23.025304794311523
2014-11-07,92.33999633789062,48.888214111328125,27.559999465942383,23.016950607299805
2014-11-10,92.37999725341797,48.90941619873047,27.56999969482422,23.025304794311523
2014-11-11,92.58999633789062,49.020572662353516,27.489999771118164,22.9584903717041
2014-11-12,92.29000091552734,48.86172866821289,27.56999969482422,23.025304794311523
2014-11-13,91.91000366210938,48.660587310791016,27.670000076293945,23.108814239501953
2014-11-14,91.44999694824219,48.41701889038086,27.75,23.175628662109375
2014-11-17,91.44000244140625,48.41173553466797,27.84000015258789,23.25079345703125
2014-11-18,91.26000213623047,48.316436767578125,27.940000534057617,23.334314346313477
2014-11-19,91.23999786376953,48.305850982666016,27.93000030517578,23.325958251953125
2014-11-20,91.25,48.311119079589844,27.8799991607666,23.284204483032227
2014-11-21,91.75,48.575843811035156,27.729999542236328,23.15892791748047
2014-11-24,91.73999786376953,48.5705680847168,27.75,23.175628662109375
2014-11-25,91.88999938964844,48.649993896484375,27.600000381469727,23.050357818603516
2014-11-26,92.01000213623047,48.71354675292969,27.56999969482422,23.025304794311523
2014-11-28,91.12999725341797,48.247615814208984,27.889999389648438,23.29255485534668
2014-12-01,89.80000305175781,47.76197814941406,28.18000030517578,23.53474998474121
2014-12-02,90.29000091552734,48.022640228271484,28.040000915527344,23.41782569885254
2014-12-03,90.44000244140625,48.10239791870117,27.979999542236328,23.367717742919922
2014-12-04,90.37999725341797,48.070491790771484,27.940000534057617,23.334314346313477
2014-12-05,90.30999755859375,48.03327941894531,28.010000228881836,23.39276885986328
2014-12-08,89.8499984741211,47.78860855102539,28.170000076293945,23.52640151977539
2014-12-09,89.80000305175781,47.76197814941406,28.18000030517578,23.53474998474121
2014-12-10,88.7699966430664,47.214202880859375,28.43000030517578,23.743539810180664
2014-12-11,88.44999694824219,47.044002532958984,28.6200008392334,23.902217864990234
2014-12-12,87.25,46.4057502746582,28.920000076293945,24.152767181396484
2014-12-15,87.19999694824219,46.3791389465332,29.040000915527344,24.252986907958984
2014-12-16,86.88999938964844,46.21428298950195,29.079999923706055,24.28639030456543
2014-12-17,88.66000366210938,47.15568542480469,28.549999237060547,23.843765258789062
2014-12-18,89.37000274658203,47.53330993652344,28.15999984741211,23.518049240112305
2014-12-19,90.2300033569336,47.990718841552734,27.8799991607666,23.284204483032227
2014-12-22,90.01000213623047,47.87369918823242,28.040000915527344,23.41782569885254
2014-12-23,90.33000183105469,48.043907165527344,27.90999984741211,23.309249877929688
2014-12-24,90.25,48.20736312866211,27.81999969482422,23.23409080505371
2014-12-26,89.97000122070312,48.05778884887695,27.920000076293945,23.31760597229004
2014-12-29,90.0199966430664,48.08446502685547,27.959999084472656,23.351015090942383
2014-12-30,89.83999633789062,47.988372802734375,27.93000030517578,23.325958251953125
2014-12-31,89.5999984741211,47.86017608642578,27.989999771118164,23.37606430053711
2015-01-02,89.5999984741211,47.86017608642578,27.979999542236328,23.367717742919922
2015-01-05,88.7699966430664,47.41683578491211,28.34000015258789,23.668376922607422
2015-01-06,88.43000030517578,47.23520278930664,28.420000076293945,23.73518180847168
2015-01-07,88.9800033569336,47.52897644042969,28.239999771118164,23.584857940673828
2015-01-08,89.6500015258789,47.88688659667969,27.950000762939453,23.342666625976562
2015-01-09,90.0999984741211,48.127220153808594,27.829999923706055,23.242443084716797
2015-01-12,89.98999786376953,48.0684700012207,27.940000534057617,23.334314346313477
2015-01-13,89.98999786376953,48.0684700012207,27.899999618530273,23.300905227661133
2015-01-14,89.77999877929688,47.95628356933594,28.030000686645508,23.40947723388672
2015-01-15,89.2300033569336,47.66252517700195,28.100000381469727,23.467939376831055
2015-01-16,89.56999969482422,47.84415817260742,27.959999084472656,23.351015090942383
2015-01-20,89.41000366210938,47.75868606567383,28.0,23.38442039489746
2015-01-21,89.88999938964844,48.015079498291016,27.940000534057617,23.334314346313477
2015-01-22,90.01000213623047,48.07915496826172,27.889999389648438,23.29255485534668
2015-01-23,90.01000213623047,48.07915496826172,27.809999465942383,23.225740432739258
2015-01-26,90.41999816894531,48.298179626464844,27.68000030517578,23.117170333862305
2015-01-27,90.3499984741211,48.260772705078125,27.729999542236328,23.15892791748047
2015-01-28,90.16000366210938,48.1593132019043,27.790000915527344,23.209041595458984
2015-01-29,90.4800033569336,48.330223083496094,27.729999542236328,23.15892791748047
2015-01-30,90.2300033569336,48.19667053222656,27.75,23.175628662109375
2015-02-02,90.20999908447266,48.38172149658203,27.610000610351562,23.05870819091797
2015-02-03,90.72000122070312,48.65522384643555,27.540000915527344,23.0002498626709
2015-02-04,90.33999633789062,48.4514274597168,27.579999923706055,23.03365707397461
2015-02-05,90.87000274658203,48.73567199707031,27.469999313354492,22.941789627075195
2015-02-06,90.94000244140625,48.77323532104492,27.399999618530273,22.88332748413086
2015-02-09,90.72000122070312,48.65522384643555,27.479999542236328,22.95013999938965
2015-02-10,91.02999877929688,48.821502685546875,27.3799991607666,22.866621017456055
2015-02-11,91.0,48.80539321899414,27.360000610351562,22.84992218017578
2015-02-12,90.98999786376953,48.80004119873047,27.34000015258789,22.83321762084961
2015-02-13,91.12000274658203,48.86977005004883,27.309999465942383,22.808164596557617
2015-02-17,91.05999755859375,48.837589263916016,27.34000015258789,22.83321762084961
2015-02-18,91.37000274658203,49.00384521484375,27.260000228881836,22.76640510559082
2015-02-19,91.16000366210938,48.89119338989258,27.290000915527344,22.791458129882812
2015-02-20,91.41000366210938,49.02529525756836,27.260000228881836,22.76640510559082
2015-02-23,91.4800033569336,49.06283187866211,27.219999313354492,22.732995986938477
2015-02-24,91.56999969482422,49.111080169677734,27.190000534057617,22.707942962646484
2015-02-25,91.87000274658203,49.272029876708984,27.059999465942383,22.5993709564209
2015-02-26,91.8499984741211,49.26125717163086,27.06999969482422,22.60772132873535
2015-02-27,91.87000274658203,49.272029876708984,27.049999237060547,22.591018676757812
2015-03-02,91.45999908447266,49.26284408569336,27.06999969482422,22.60772132873535
2015-03-03,91.19999694824219,49.12281036376953,27.170000076293945,22.69123649597168
2015-03-04,91.02999877929688,49.0312614440918,27.229999542236328,22.741344451904297
2015-03-05,91.19999694824219,49.12281036376953,27.18000030517578,22.6995906829834
2015-03-06,90.62000274658203,48.810386657714844,27.31999969482422,22.81651496887207
2015-03-09,90.43000030517578,48.70806121826172,27.360000610351562,22.84992218017578
2015-03-10,90.08000183105469,48.51955795288086,27.520000457763672,22.983543395996094
2015-03-11,90.33000183105469,48.654178619384766,27.40999984741211,22.891677856445312
2015-03-12,90.51000213623047,48.751136779785156,27.350000381469727,22.84156608581543
2015-03-13,90.19999694824219,48.58416748046875,27.43000030517578,22.90838050842285
2015-03-16,90.11000061035156,48.535709381103516,27.479999542236328,22.95013999938965
2015-03-17,89.66000366210938,48.29331970214844,27.639999389648438,23.08376121520996
2015-03-18,90.45999908447266,48.72422409057617,27.360000610351562,22.84992218017578
2015-03-19,89.73999786376953,48.33641052246094,27.600000381469727,23.050357818603516
2015-03-20,90.44000244140625,48.713436126708984,27.3799991607666,22.866621017456055
2015-03-23,90.51000213623047,48.751136779785156,27.329999923706055,22.824859619140625
2015-03-24,90.6500015258789,48.82657241821289,27.290000915527344,22.791458129882812
2015-03-25,90.41000366210938,48.697288513183594,27.31999969482422,22.81651496887207
2015-03-26,90.4000015258789,48.69189453125,27.329999923706055,22.824859619140625
2015-03-27,90.47000122070312,48.72959899902344,27.350000381469727,22.84156608581543
2015-03-30,90.72000122070312,48.864261627197266,27.270000457763672,22.774757385253906
2015-03-31,90.61000061035156,48.804996490478516,27.239999771118164,22.74970054626465
2015-04-01,90.38999938964844,48.905635833740234,27.25,22.758052825927734
2015-04-02,90.45999908447266,48.94353103637695,27.209999084472656,22.72464370727539
2015-04-06,90.69000244140625,49.06795120239258,27.15999984741211,22.682886123657227
2015-04-07,91.16999816894531,49.327674865722656,26.969999313354492,22.524211883544922
2015-04-08,91.1500015258789,49.31685256958008,26.93000030517578,22.49080467224121
2015-04-09,91.05999755859375,49.268123626708984,26.969999313354492,22.524211883544922
2015-04-10,91.2699966430664,49.381771087646484,26.93000030517578,22.49080467224121
2015-04-13,91.0999984741211,49.28981399536133,26.959999084472656,22.51585578918457
2015-04-14,91.13999938964844,49.311424255371094,26.959999084472656,22.51585578918457
2015-04-15,91.5,49.5062141418457,26.84000015258789,22.415639877319336
2015-04-16,91.30999755859375,49.403419494628906,26.899999618530273,22.46574592590332
2015-04-17,91.02999877929688,49.25192642211914,27.0,22.549264907836914
2015-04-20,91.2300033569336,49.36015701293945,26.93000030517578,22.49080467224121
2015-04-21,91.29000091552734,49.39259719848633,26.93000030517578,22.49080467224121
2015-04-22,91.19999694824219,49.34391784667969,26.940000534057617,22.49915313720703
2015-04-23,91.16999816894531,49.327674865722656,26.959999084472656,22.51585578918457
2015-04-24,91.31999969482422,49.408817291259766,26.829999923706055,22.407283782958984
2015-04-27,91.3499984741211,49.42506408691406,26.889999389648438,22.457395553588867
2015-04-28,91.20999908447266,49.349281311035156,26.90999984741211,22.47409439086914
2015-04-29,91.04000091552734,49.257320404052734,26.969999313354492,22.524211883544922
2015-04-30,90.98999786376953,49.230281829833984,27.0,22.549264907836914
2015-05-01,90.79000091552734,49.34006881713867,26.93000030517578,22.49080467224121
2015-05-04,90.7699966430664,49.32915496826172,26.93000030517578,22.49080467224121
2015-05-05,90.6500015258789,49.26396942138672,27.020000457763672,22.56596565246582
2015-05-06,90.37999725341797,49.11723327636719,27.030000686645508,22.574316024780273
2015-05-07,90.37000274658203,49.11180114746094,27.040000915527344,22.582670211791992
2015-05-08,91.08000183105469,49.49766540527344,26.899999618530273,22.46574592590332
2015-05-11,90.51000213623047,49.18788528442383,26.959999084472656,22.51585578918457
2015-05-12,90.5,49.182464599609375,26.989999771118164,22.54091453552246
2015-05-13,90.37000274658203,49.11180114746094,27.010000228881836,22.557615280151367
2015-05-14,90.80999755859375,49.350921630859375,26.899999618530273,22.46574592590332
2015-05-15,91.01000213623047,49.4595832824707,26.809999465942383,22.390583038330078
2015-05-18,90.86000061035156,49.37812042236328,26.93000030517578,22.49080467224121
2015-05-19,90.72000122070312,49.302005767822266,26.959999084472656,22.51585578918457
2015-05-20,90.61000061035156,49.242218017578125,26.899999618530273,22.46574592590332
2015-05-21,90.73999786376953,49.31289291381836,26.899999618530273,22.46574592590332
2015-05-22,90.80999755859375,49.350921630859375,26.8799991607666,22.449039459228516
2015-05-26,90.62000274658203,49.247642517089844,26.93000030517578,22.49080467224121
2015-05-27,90.81999969482422,49.356353759765625,26.889999389648438,22.457395553588867
2015-05-28,90.77999877929688,49.33461380004883,26.899999618530273,22.46574592590332
2015-05-29,90.91000366210938,49.405277252197266,26.8799991607666,22.449039459228516
2015-06-01,90.66000366210938,49.48823547363281,26.8700008392334,22.440692901611328
2015-06-02,90.48999786376953,49.39543151855469,26.829999923706055,22.407283782958984
2015-06-03,90.0,49.127994537353516,27.010000228881836,22.557615280151367
2015-06-04,89.70999908447266,48.96965789794922,27.079999923706055,22.61607551574707
2015-06-05,89.44000244140625,48.82230758666992,27.110000610351562,22.641128540039062
2015-06-08,89.44000244140625,48.82230758666992,27.100000381469727,22.63277816772461
2015-06-09,89.29000091552734,48.74040603637695,27.239999771118164,22.74970054626465
2015-06-10,89.41000366210938,48.80591583251953,27.15999984741211,22.682886123657227
2015-06-11,89.58999633789062,48.9041748046875,27.170000076293945,22.69123649597168
2015-06-12,89.26000213623047,48.72406005859375,27.18000030517578,22.6995906829834
2015-06-15,88.83999633789062,48.49477767944336,27.299999237060547,22.7998104095459
2015-06-16,89.33999633789062,48.76768493652344,27.209999084472656,22.72464370727539
2015-06-17,89.26000213623047,48.72406005859375,27.15999984741211,22.682886123657227
2015-06-18,89.58999633789062,48.9041748046875,27.059999465942383,22.5993709564209
2015-06-19,89.63999938964844,48.931434631347656,27.110000610351562,22.641128540039062
2015-06-22,89.81999969482422,49.02969741821289,27.06999969482422,22.60772132873535
2015-06-23,89.76000213623047,48.99696731567383,27.040000915527344,22.582670211791992
2015-06-24,89.5199966430664,48.8659553527832,27.1299991607666,22.6578311920166
2015-06-25,89.25,48.718570709228516,27.18000030517578,22.6995906829834
2015-06-26,88.98999786376953,48.57664489746094,27.31999969482422,22.81651496887207
2015-06-29,88.37999725341797,48.24367141723633,27.440000534057617,22.916728973388672
2015-06-30,88.80000305175781,48.472930908203125,27.34000015258789,22.83321762084961
2015-07-01,88.41999816894531,48.48115158081055,27.290000915527344,22.791458129882812
2015-07-02,88.75,48.662132263183594,27.18000030517578,22.6995906829834
2015-07-06,88.45999908447266,48.503108978271484,27.280000686645508,22.783111572265625
2015-07-07,88.52999877929688,48.541465759277344,27.219999313354492,22.732995986938477
2015-07-08,88.08999633789062,48.300209045410156,27.3799991607666,22.866621017456055
2015-07-09,88.29000091552734,48.40986251831055,27.31999969482422,22.81651496887207
2015-07-10,88.80000305175781,48.68950653076172,27.15999984741211,22.682886123657227
2015-07-13,88.87999725341797,48.733394622802734,27.100000381469727,22.63277816772461
2015-07-14,88.79000091552734,48.68403244018555,27.15999984741211,22.682886123657227
2015-07-15,88.79000091552734,48.68403244018555,27.139999389648438,22.66617774963379
2015-07-16,88.93000030517578,48.76076889038086,27.110000610351562,22.641128540039062
2015-07-17,88.69000244140625,48.629207611083984,27.18000030517578,22.6995906829834
2015-07-20,88.27999877929688,48.40440368652344,27.290000915527344,22.791458129882812
2015-07-21,88.12000274658203,48.316680908203125,27.350000381469727,22.84156608581543
2015-07-22,87.55000305175781,48.0041389465332,27.479999542236328,22.95013999938965
2015-07-23,87.5,47.97671127319336,27.489999771118164,22.9584903717041
2015-07-24,87.25,47.839637756347656,27.6200008392334,23.067060470581055
2015-07-27,86.87999725341797,47.636749267578125,27.729999542236328,23.15892791748047
2015-07-28,87.3499984741211,47.89443588256836,27.56999969482422,23.025304794311523
2015-07-29,87.86000061035156,48.174095153808594,27.389999389648438,22.87497901916504
2015-07-30,88.12000274658203,48.316680908203125,27.329999923706055,22.824859619140625
2015-07-31,87.97000122070312,48.23441696166992,27.3700008392334,22.8582763671875
2015-08-03,87.41000366210938,48.14408493041992,27.459999084472656,22.93343162536621
2015-08-04,87.45999908447266,48.17160415649414,27.420000076293945,22.9000301361084
2015-08-05,87.33999633789062,48.10551452636719,27.450000762939453,22.92508316040039
2015-08-06,86.9800033569336,47.90724182128906,27.56999969482422,23.025304794311523
2015-08-07,86.70999908447266,47.75851821899414,27.6200008392334,23.067060470581055
2015-08-10,86.95999908447266,47.8962287902832,27.579999923706055,23.03365707397461
2015-08-11,86.55999755859375,47.675907135009766,27.709999084472656,23.142223358154297
2015-08-12,86.44000244140625,47.60980224609375,27.739999771118164,23.16727638244629
2015-08-13,86.33000183105469,47.54924392700195,27.739999771118164,23.16727638244629
2015-08-14,86.37999725341797,47.57677459716797,27.729999542236328,23.15892791748047
2015-08-17,86.37999725341797,47.57677459716797,27.719999313354492,23.150577545166016
2015-08-18,86.2699966430664,47.51616287231445,27.780000686645508,23.200685501098633
2015-08-19,86.19000244140625,47.472145080566406,27.829999923706055,23.242443084716797
2015-08-20,85.7699966430664,47.24079895019531,27.959999084472656,23.351015090942383
2015-08-21,85.45999908447266,47.07007598876953,28.010000228881836,23.39276885986328
2015-08-24,84.76000213623047,46.684486389160156,28.329999923706055,23.660018920898438
2015-08-25,84.93000030517578,46.778133392333984,28.170000076293945,23.52640151977539
2015-08-26,85.63999938964844,47.16919708251953,27.90999984741211,23.309249877929688
2015-08-27,86.27999877929688,47.521690368652344,27.719999313354492,23.150577545166016
2015-08-28,86.36000061035156,47.56574249267578,27.75,23.175628662109375
2015-08-31,86.23999786376953,47.499656677246094,27.760000228881836,23.18398094177246
2015-09-01,85.58000183105469,47.34640884399414,27.8700008392334,23.275850296020508
2015-09-02,85.93000030517578,47.540035247802734,27.719999313354492,23.150577545166016
2015-09-03,86.05000305175781,47.6064453125,27.65999984741211,23.100465774536133
2015-09-04,85.95999908447266,47.55663299560547,27.639999389648438,23.08376121520996
2015-09-08,86.43000030517578,47.81665802001953,27.520000457763672,22.983543395996094
2015-09-09,86.31999969482422,47.75580596923828,27.6200008392334,23.067060470581055
2015-09-10,86.52999877929688,47.87200927734375,27.469999313354492,22.941789627075195
2015-09-11,86.5,47.85539245605469,27.510000228881836,22.975196838378906
2015-09-14,86.3499984741211,47.77241897583008,27.579999923706055,23.03365707397461
2015-09-15,86.33000183105469,47.761356353759766,27.549999237060547,23.00860023498535
2015-09-16,86.0199966430664,47.58985137939453,27.6299991607666,23.075410842895508
2015-09-17,86.08999633789062,47.628604888916016,27.600000381469727,23.050357818603516
2015-09-18,85.8499984741211,47.49580764770508,27.729999542236328,23.15892791748047
2015-09-21,85.69000244140625,47.40726852416992,27.760000228881836,23.18398094177246
2015-09-22,85.06999969482422,47.06425476074219,27.969999313354492,23.3593692779541
2015-09-23,84.91999816894531,46.98126983642578,28.0,23.38442039489746
2015-09-24,84.5,46.74890899658203,28.1299991607666,23.492996215820312
2015-09-25,84.06999969482422,46.511009216308594,28.290000915527344,23.626615524291992
2015-09-28,82.77999877929688,45.7973518371582,28.709999084472656,23.977384567260742
2015-09-29,82.7699966430664,45.791812896728516,28.739999771118164,24.002437591552734
2015-09-30,83.29000091552734,46.079498291015625,28.559999465942383,23.852108001708984
2015-10-01,82.36000061035156,45.78377914428711,28.709999084472656,23.977384567260742
2015-10-02,82.44000244140625,45.82823181152344,28.639999389648438,23.918920516967773
2015-10-05,83.43000030517578,46.378562927246094,28.299999237060547,23.634963989257812
2015-10-06,83.88999938964844,46.634273529052734,28.15999984741211,23.518049240112305
2015-10-07,84.75,47.11235809326172,27.809999465942383,23.225740432739258
2015-10-08,85.0999984741211,47.30691909790039,27.709999084472656,23.142223358154297
2015-10-09,85.11000061035156,47.31248474121094,27.68000030517578,23.117170333862305
2015-10-12,84.94999694824219,47.22352600097656,27.790000915527344,23.209041595458984
2015-10-13,84.75,47.11235809326172,27.81999969482422,23.23409080505371
2015-10-14,84.69000244140625,47.079010009765625,27.8799991607666,23.284204483032227
2015-10-15,84.88999938964844,47.190181732177734,27.799999237060547,23.217390060424805
2015-10-16,85.27999877929688,47.406982421875,27.68000030517578,23.117170333862305
2015-10-19,85.51000213623047,47.534828186035156,27.559999465942383,23.016950607299805
2015-10-20,85.58999633789062,47.579322814941406,27.549999237060547,23.00860023498535
2015-10-21,85.5,47.52928161621094,27.579999923706055,23.03365707397461
2015-10-22,85.52999877929688,47.54597473144531,27.579999923706055,23.03365707397461
2015-10-23,85.83000183105469,47.71272277832031,27.450000762939453,22.92508316040039
2015-10-26,85.73999786376953,47.6627082824707,27.479999542236328,22.95013999938965
2015-10-27,85.45999908447266,47.50704574584961,27.579999923706055,23.03365707397461
2015-10-28,85.69000244140625,47.63490676879883,27.479999542236328,22.95013999938965
2015-10-29,85.47000122070312,47.51259231567383,27.549999237060547,23.00860023498535
2015-10-30,85.56999969482422,47.568199157714844,27.520000457763672,22.983543395996094
2015-11-02,85.44000244140625,47.71562194824219,27.450000762939453,22.92508316040039
2015-11-03,85.52999877929688,47.7658805847168,27.43000030517578,22.90838050842285
2015-11-04,85.27999877929688,47.62624740600586,27.489999771118164,22.9584903717041
2015-11-05,84.94999694824219,47.44194412231445,27.559999465942383,23.016950607299805
2015-11-06,84.54000091552734,47.213016510009766,27.75,23.175628662109375
2015-11-09,84.19000244140625,47.01752853393555,27.860000610351562,23.267501831054688
2015-11-10,84.0,46.91145324707031,27.93000030517578,23.325958251953125
2015-11-11,83.80000305175781,46.79974365234375,28.010000228881836,23.39276885986328
2015-11-12,83.23999786376953,46.48699951171875,28.18000030517578,23.53474998474121
2015-11-13,83.0,46.35297775268555,28.260000228881836,23.6015625
2015-11-16,83.38999938964844,46.570770263671875,28.139999389648438,23.5013427734375
2015-11-17,83.44999694824219,46.60427474975586,28.059999465942383,23.434532165527344
2015-11-18,83.61000061035156,46.69365692138672,28.020000457763672,23.401124954223633
2015-11-19,82.86000061035156,46.2747802734375,28.280000686645508,23.61826515197754
2015-11-20,82.83999633789062,46.26359939575195,28.270000457763672,23.60991668701172
2015-11-23,82.7699966430664,46.22453308105469,28.299999237060547,23.634963989257812
2015-11-24,82.87999725341797,46.285953521728516,28.25,23.593210220336914
2015-11-25,82.97000122070312,46.33621597290039,28.219999313354492,23.568151473999023
2015-11-27,83.0999984741211,46.408790588378906,28.18000030517578,23.53474998474121
2015-11-30,83.05000305175781,46.380889892578125,28.200000762939453,23.551454544067383
2015-12-01,83.23999786376953,46.71084213256836,28.020000457763672,23.401124954223633
2015-12-02,83.06999969482422,46.615482330322266,28.010000228881836,23.39276885986328
2015-12-03,82.8499984741211,46.49198913574219,28.100000381469727,23.467939376831055
2015-12-04,82.66000366210938,46.385372161865234,28.139999389648438,23.5013427734375
2015-12-07,82.08000183105469,46.05990219116211,28.3700008392334,23.693431854248047
2015-12-08,81.05999755859375,45.487525939941406,28.729999542236328,23.99408721923828
2015-12-09,81.4800033569336,45.72320556640625,28.530000686645508,23.827054977416992
2015-12-10,81.13999938964844,45.53242111206055,28.700000762939453,23.969032287597656
2015-12-11,79.5199966430664,44.62332534790039,29.280000686645508,24.45342254638672
2015-12-14,78.83000183105469,44.23611831665039,29.530000686645508,24.66221046447754
2015-12-15,80.12000274658203,44.96001052856445,29.0,24.219581604003906
2015-12-16,80.7300033569336,45.30233383178711,28.75,24.01078987121582
2015-12-17,79.83000183105469,44.79731750488281,29.100000381469727,24.30309295654297
2015-12-18,79.52999877929688,44.62894058227539,29.229999542236328,24.411664962768555
2015-12-21,79.27999877929688,44.4886589050293,29.309999465942383,24.478479385375977
2015-12-22,80.23999786376953,45.02737808227539,28.940000534057617,24.169469833374023
2015-12-23,80.75,45.313568115234375,28.760000228881836,24.019142150878906
2015-12-24,80.48999786376953,45.406070709228516,28.700000762939453,23.969032287597656
2015-12-28,80.01000213623047,45.13529968261719,28.8799991607666,24.119359970092773
2015-12-29,80.47000122070312,45.39480972290039,28.670000076293945,23.94397735595703
2015-12-30,80.52999877929688,45.42864990234375,28.68000030517578,23.95233154296875
2015-12-31,80.58000183105469,45.456844329833984,28.649999618530273,23.927274703979492
2016-01-04,80.0999984741211,45.186058044433594,28.81999969482422,24.069250106811523
2016-01-05,80.25,45.27065658569336,28.790000915527344,24.0441951751709
2016-01-06,80.25,45.27065658569336,28.780000686645508,24.035846710205078
2016-01-07,79.7300033569336,44.97734069824219,28.959999084472656,24.186180114746094
2016-01-08,79.5199966430664,44.8588752746582,29.030000686645508,24.24463653564453
2016-01-11,79.4000015258789,44.79119110107422,29.06999969482422,24.278038024902344
2016-01-12,79.4800033569336,44.836299896240234,29.020000457763672,24.236284255981445
2016-01-13,78.5999984741211,44.33989334106445,29.31999969482422,24.48682975769043
2016-01-14,78.94999694824219,44.53732681274414,29.200000762939453,24.386608123779297
2016-01-15,77.91000366210938,43.95064926147461,29.610000610351562,24.72902488708496
2016-01-19,77.63999938964844,43.7983283996582,29.739999771118164,24.837594985961914
2016-01-20,77.12000274658203,43.5049934387207,29.899999618530273,24.971220016479492
2016-01-21,77.63999938964844,43.7983283996582,29.700000762939453,24.804189682006836
2016-01-22,78.83000183105469,44.46961212158203,29.229999542236328,24.411664962768555
2016-01-25,78.05000305175781,44.02961730957031,29.540000915527344,24.670568466186523
2016-01-26,78.75,44.42451095581055,29.239999771118164,24.42001724243164
2016-01-27,78.62999725341797,44.3568229675293,29.299999237060547,24.47012710571289
2016-01-28,79.02999877929688,44.58246994018555,29.1299991607666,24.328153610229492
2016-01-29,79.29000091552734,44.72914505004883,29.020000457763672,24.236284255981445
2016-02-01,78.43000030517578,44.46324920654297,29.219999313354492,24.40331268310547
2016-02-02,77.87000274658203,44.145774841308594,29.420000076293945,24.570344924926758
2016-02-03,78.25,44.361202239990234,29.280000686645508,24.45342254638672
2016-02-04,78.0,44.21945571899414,29.360000610351562,24.52023696899414
2016-02-05,77.4000015258789,43.87931823730469,29.579999923706055,24.703968048095703
2016-02-08,76.5,43.369110107421875,29.93000030517578,24.99627113342285
2016-02-09,76.20999908447266,43.20468521118164,30.020000457763672,25.071441650390625
2016-02-10,76.0999984741211,43.142330169677734,30.100000381469727,25.13825035095215
2016-02-11,75.58999633789062,42.85322189331055,30.290000915527344,25.29693031311035
2016-02-12,76.72000122070312,43.49380874633789,29.81999969482422,24.90441131591797
2016-02-16,76.79000091552734,43.53349685668945,29.790000915527344,24.87935447692871
2016-02-17,77.41999816894531,43.89067840576172,29.549999237060547,24.67891502380371
2016-02-18,77.48999786376953,43.93032455444336,29.520000457763672,24.653860092163086
2016-02-19,77.63999938964844,44.0153923034668,29.459999084472656,24.60375213623047
2016-02-22,78.30999755859375,44.395225524902344,29.200000762939453,24.386608123779297
2016-02-23,78.1500015258789,44.30451965332031,29.280000686645508,24.45342254638672
2016-02-24,78.27999877929688,44.37820053100586,29.239999771118164,24.42001724243164
2016-02-25,78.69999694824219,44.61630630493164,29.040000915527344,24.252986907958984
2016-02-26,79.2300033569336,44.916786193847656,28.829999923706055,24.07760238647461
2016-02-29,80.08000183105469,45.39866256713867,28.520000457763672,23.818702697753906
2016-03-01,80.91999816894531,46.116153717041016,28.110000610351562,23.476287841796875
2016-03-02,80.37000274658203,45.802711486816406,28.290000915527344,23.626615524291992
2016-03-03,80.63999938964844,45.95657730102539,28.170000076293945,23.52640151977539
2016-03-04,80.87000274658203,46.0876579284668,28.09000015258789,23.459585189819336
2016-03-07,80.97000122070312,46.14464569091797,28.059999465942383,23.434532165527344
2016-03-08,80.4000015258789,45.819828033447266,28.290000915527344,23.626615524291992
2016-03-09,80.5999984741211,45.933807373046875,28.15999984741211,23.518049240112305
2016-03-10,81.16000366210938,46.2529296875,27.989999771118164,23.37606430053711
2016-03-11,82.13999938964844,46.811439514160156,27.649999618530273,23.092117309570312
2016-03-14,81.91000366210938,46.68034362792969,27.700000762939453,23.133872985839844
2016-03-15,81.1500015258789,46.24723434448242,27.969999313354492,23.3593692779541
2016-03-16,81.69000244140625,46.55497741699219,27.780000686645508,23.200685501098633
2016-03-17,82.20999908447266,46.85135269165039,27.600000381469727,23.050357818603516
2016-03-18,82.4000015258789,46.959598541259766,27.530000686645508,22.991893768310547
2016-03-21,82.30999755859375,46.90830993652344,27.549999237060547,23.00860023498535
2016-03-22,82.08999633789062,46.78294372558594,27.649999618530273,23.092117309570312
2016-03-23,81.70999908447266,46.566375732421875,27.75,23.175628662109375
2016-03-24,81.3499984741211,46.361209869384766,27.889999389648438,23.29255485534668
2016-03-28,80.9800033569336,46.15036392211914,28.010000228881836,23.39276885986328
2016-03-29,81.29000091552734,46.3270263671875,27.899999618530273,23.300905227661133
2016-03-30,81.58000183105469,46.49230194091797,27.790000915527344,23.209041595458984
2016-03-31,81.69000244140625,46.55497741699219,27.729999542236328,23.15892791748047
2016-04-01,81.37000274658203,46.588768005371094,27.739999771118164,23.16727638244629
2016-04-04,81.16999816894531,46.47423553466797,27.799999237060547,23.217390060424805
2016-04-05,80.87000274658203,46.30249786376953,27.93000030517578,23.325958251953125
2016-04-06,81.55000305175781,46.69184494018555,27.65999984741211,23.100465774536133
2016-04-07,81.1500015258789,46.46280288696289,27.850000381469727,23.25914764404297
2016-04-08,81.5199966430664,46.674652099609375,27.68000030517578,23.117170333862305
2016-04-11,81.62999725341797,46.73761749267578,27.639999389648438,23.08376121520996
2016-04-12,82.11000061035156,47.01245880126953,27.5,22.966840744018555
2016-04-13,82.6500015258789,47.321632385253906,27.280000686645508,22.783111572265625
2016-04-14,82.62000274658203,47.304481506347656,27.309999465942383,22.808164596557617
2016-04-15,82.48999786376953,47.230018615722656,27.34000015258789,22.83321762084961
2016-04-18,82.95999908447266,47.49913024902344,27.18000030517578,22.6995906829834
2016-04-19,83.30999755859375,47.699527740478516,27.079999923706055,22.61607551574707
2016-04-20,83.47000122070312,47.7911262512207,27.030000686645508,22.574316024780273
2016-04-21,83.20999908447266,47.64228820800781,27.09000015258789,22.624425888061523
2016-04-22,83.4000015258789,47.75105667114258,27.030000686645508,22.574316024780273
2016-04-25,83.08000183105469,47.567840576171875,27.149999618530273,22.67453384399414
2016-04-26,83.36000061035156,47.7281379699707,27.049999237060547,22.591018676757812
2016-04-27,83.8499984741211,48.00868225097656,26.889999389648438,22.457395553588867
2016-04-28,83.70999908447266,47.928550720214844,26.920000076293945,22.482446670532227
2016-04-29,83.8499984741211,48.00868225097656,26.860000610351562,22.43233871459961
2016-05-02,83.5,48.02711486816406,26.889999389648438,22.457395553588867
2016-05-03,82.95999908447266,47.716522216796875,27.049999237060547,22.591018676757812
2016-05-04,82.6500015258789,47.53819274902344,27.1299991607666,22.6578311920166
2016-05-05,82.58000183105469,47.497955322265625,27.149999618530273,22.67453384399414
2016-05-06,82.52999877929688,47.46920394897461,27.190000534057617,22.707942962646484
2016-05-09,82.37999725341797,47.38290786743164,27.239999771118164,22.74970054626465
2016-05-10,83.08000183105469,47.78553771972656,26.989999771118164,22.54091453552246
2016-05-11,83.0199966430664,47.751033782958984,27.0,22.549264907836914
2016-05-12,83.1500015258789,47.825801849365234,26.969999313354492,22.524211883544922
2016-05-13,82.77999877929688,47.61296844482422,27.1299991607666,22.6578311920166
2016-05-16,83.23999786376953,47.877559661865234,26.920000076293945,22.482446670532227
2016-05-17,83.06999969482422,47.7797737121582,27.010000228881836,22.557615280151367
2016-05-18,83.08000183105469,47.78553771972656,27.010000228881836,22.557615280151367
2016-05-19,82.8499984741211,47.653255462646484,27.030000686645508,22.574316024780273
2016-05-20,83.13999938964844,47.82003402709961,26.969999313354492,22.524211883544922
2016-05-23,83.16000366210938,47.8315544128418,26.93000030517578,22.49080467224121
2016-05-24,83.66000366210938,48.11912536621094,26.760000228881836,22.34882164001465
2016-05-25,83.79000091552734,48.19389724731445,26.729999542236328,22.323772430419922
2016-05-26,83.55000305175781,48.05584716796875,26.790000915527344,22.37388038635254
2016-05-27,83.69000244140625,48.13638687133789,26.780000686645508,22.36553192138672
2016-05-31,83.61000061035156,48.09037399291992,26.790000915527344,22.37388038635254
2016-06-01,83.33999633789062,48.16667556762695,26.739999771118164,22.33211898803711
2016-06-02,83.36000061035156,48.178226470947266,26.739999771118164,22.33211898803711
2016-06-03,83.51000213623047,48.264930725097656,26.65999984741211,22.265308380126953
2016-06-06,83.87999725341797,48.47875213623047,26.59000015258789,22.206846237182617
2016-06-07,84.25,48.6926155090332,26.420000076293945,22.06487274169922
2016-06-08,84.56999969482422,48.877540588378906,26.34000015258789,21.99805450439453
2016-06-09,84.23999786376953,48.68682098388672,26.420000076293945,22.06487274169922
2016-06-10,83.83000183105469,48.449886322021484,26.549999237060547,22.173439025878906
2016-06-13,83.2699966430664,48.12620544433594,26.739999771118164,22.33211898803711
2016-06-14,82.98999786376953,47.964385986328125,26.81999969482422,22.398935317993164
2016-06-15,83.02999877929688,47.987510681152344,26.799999237060547,22.38222885131836
2016-06-16,83.08000183105469,48.01639938354492,26.850000381469727,22.42399024963379
2016-06-17,83.12999725341797,48.045291900634766,26.790000915527344,22.37388038635254
2016-06-20,83.62000274658203,48.32851791381836,26.639999389648438,22.248607635498047
2016-06-21,83.94000244140625,48.51343536376953,26.510000228881836,22.140033721923828
2016-06-22,84.0199966430664,48.55966567993164,26.520000457763672,22.14838409423828
2016-06-23,84.63999938964844,48.918025970458984,26.31999969482422,21.981355667114258
2016-06-24,83.25,48.1146240234375,26.700000762939453,22.298721313476562
2016-06-27,82.05000305175781,47.42110061645508,27.100000381469727,22.63277816772461
2016-06-28,83.08000183105469,48.01639938354492,26.760000228881836,22.34882164001465
2016-06-29,84.12999725341797,48.62324905395508,26.420000076293945,22.06487274169922
2016-06-30,84.69999694824219,48.95267105102539,26.229999542236328,21.906192779541016
2016-07-01,84.47000122070312,49.04967498779297,26.190000534057617,21.872787475585938
2016-07-05,83.98999786376953,48.77095031738281,26.34000015258789,21.99805450439453
2016-07-06,84.36000061035156,48.98580551147461,26.219999313354492,21.897842407226562
2016-07-07,84.47000122070312,49.04967498779297,26.18000030517578,21.86443328857422
2016-07-08,85.58999633789062,49.70003128051758,25.850000381469727,21.588830947875977
2016-07-11,85.63999938964844,49.729061126708984,25.81999969482422,21.56377601623535
2016-07-12,85.87999725341797,49.86840057373047,25.719999313354492,21.480260848999023
2016-07-13,85.62999725341797,49.72322463989258,25.81999969482422,21.56377601623535
2016-07-14,85.80000305175781,49.821964263916016,25.770000457763672,21.522018432617188
2016-07-15,85.62999725341797,49.72322463989258,25.81999969482422,21.56377601623535
2016-07-18,85.91999816894531,49.89164733886719,25.729999542236328,21.488611221313477
2016-07-19,85.69000244140625,49.75810623168945,25.790000915527344,21.538721084594727
2016-07-20,85.91000366210938,49.88581848144531,25.719999313354492,21.480260848999023
2016-07-21,85.79000091552734,49.81613540649414,25.770000457763672,21.522018432617188
2016-07-22,86.16999816894531,50.03678512573242,25.649999618530273,21.42180061340332
2016-07-25,85.76000213623047,49.79874801635742,25.790000915527344,21.538721084594727
2016-07-26,85.43000030517578,49.60712432861328,25.860000610351562,21.59718132019043
2016-07-27,85.69000244140625,49.75810623168945,25.790000915527344,21.538721084594727
2016-07-28,85.33000183105469,49.549034118652344,25.90999984741211,21.638944625854492
2016-07-29,85.41000366210938,49.59549331665039,25.90999984741211,21.638944625854492
2016-08-01,84.55000305175781,49.3172721862793,26.020000457763672,21.730810165405273
2016-08-02,84.43000030517578,49.247257232666016,26.059999465942383,21.764211654663086
2016-08-03,84.80999755859375,49.46894073486328,25.920000076293945,21.647293090820312
2016-08-04,85.3499984741211,49.7839241027832,25.760000228881836,21.5136661529541
2016-08-05,85.54000091552734,49.89473342895508,25.700000762939453,21.46356201171875
2016-08-08,85.88999938964844,50.0988655090332,25.59000015258789,21.371688842773438
2016-08-09,86.19000244140625,50.27386474609375,25.5,21.29652976989746
2016-08-10,86.02999877929688,50.180545806884766,25.520000457763672,21.313230514526367
2016-08-11,86.23999786376953,50.30302810668945,25.469999313354492,21.271474838256836
2016-08-12,86.30999755859375,50.343833923339844,25.469999313354492,21.271474838256836
2016-08-15,86.56999969482422,50.495513916015625,25.3700008392334,21.187950134277344
2016-08-16,86.38999938964844,50.3905029296875,25.440000534057617,21.24641990661621
2016-08-17,86.51000213623047,50.46051025390625,25.399999618530273,21.213010787963867
2016-08-18,86.8499984741211,50.6588249206543,25.299999237060547,21.129493713378906
2016-08-19,86.58999633789062,50.50717544555664,25.3700008392334,21.187950134277344
2016-08-22,86.44999694824219,50.42552185058594,25.40999984741211,21.221363067626953
2016-08-23,86.73999786376953,50.59465789794922,25.31999969482422,21.14620018005371
2016-08-24,86.5,50.45468521118164,25.389999389648438,21.204660415649414
2016-08-25,86.66000366210938,50.54795837402344,25.34000015258789,21.162899017333984
2016-08-26,86.55999755859375,50.48965835571289,25.3700008392334,21.187950134277344
2016-08-29,86.98999786376953,50.740509033203125,25.25,21.087739944458008
2016-08-30,87.04000091552734,50.76964569091797,25.219999313354492,21.062679290771484
2016-08-31,86.69999694824219,50.571327209472656,25.309999465942383,21.137847900390625
2016-09-01,86.5,50.67151641845703,25.280000686645508,21.112791061401367
2016-09-02,86.9000015258789,50.90582275390625,25.149999618530273,21.004220962524414
2016-09-06,87.0,50.964351654052734,25.1200008392334,20.979171752929688
2016-09-07,86.76000213623047,50.82381820678711,25.18000030517578,21.029273986816406
2016-09-08,86.5999984741211,50.73006057739258,25.219999313354492,21.062679290771484
2016-09-09,85.7699966430664,50.243873596191406,25.469999313354492,21.271474838256836
2016-09-12,86.06999969482422,50.41960525512695,25.399999618530273,21.213010787963867
2016-09-13,85.41000366210938,50.032997131347656,25.610000610351562,21.388389587402344
2016-09-14,85.38999938964844,50.02125930786133,25.6299991607666,21.40509033203125
2016-09-15,85.88999938964844,50.314178466796875,25.43000030517578,21.238067626953125
2016-09-16,85.91000366210938,50.32587432861328,25.440000534057617,21.24641990661621
2016-09-19,85.95999908447266,50.355201721191406,25.40999984741211,21.221363067626953
2016-09-20,85.86000061035156,50.296592712402344,25.450000762939453,21.25476837158203
2016-09-21,86.56999969482422,50.7125129699707,25.25,21.087739944458008
2016-09-22,86.86000061035156,50.882408142089844,25.149999618530273,21.004220962524414
2016-09-23,86.76000213623047,50.82381820678711,25.18000030517578,21.029273986816406
2016-09-26,86.37999725341797,50.6012077331543,25.290000915527344,21.12114906311035
2016-09-27,86.62999725341797,50.747676849365234,25.239999771118164,21.079383850097656
2016-09-28,87.20999908447266,51.08742141723633,25.030000686645508,20.904003143310547
2016-09-29,86.87999725341797,50.89408493041992,25.149999618530273,21.004220962524414
2016-09-30,87.26000213623047,51.116695404052734,25.010000228881836,20.887300491333008
2016-10-03,86.81999969482422,51.084922790527344,25.040000915527344,20.912355422973633
2016-10-04,86.66999816894531,50.996700286865234,25.079999923706055,20.945756912231445
2016-10-05,86.9000015258789,51.131996154785156,25.0,20.87894630432129
2016-10-06,86.94999694824219,51.16141128540039,24.979999542236328,20.862245559692383
2016-10-07,87.1500015258789,51.27911376953125,24.950000762939453,20.837188720703125
2016-10-10,87.4000015258789,51.42618179321289,24.850000381469727,20.75366973876953
2016-10-11,86.91000366210938,51.13791275024414,24.979999542236328,20.862245559692383
2016-10-12,86.87999725341797,51.120243072509766,25.0,20.87894630432129
2016-10-13,86.66000366210938,50.99078369140625,25.059999465942383,20.929058074951172
2016-10-14,86.86000061035156,51.108497619628906,25.010000228881836,20.887300491333008
2016-10-17,86.73999786376953,51.037845611572266,25.030000686645508,20.904003143310547
2016-10-18,87.08999633789062,51.24382019042969,24.920000076293945,20.812137603759766
2016-10-19,87.33999633789062,51.39091110229492,24.850000381469727,20.75366973876953
2016-10-20,87.3499984741211,51.39678955078125,24.860000610351562,20.76202392578125
2016-10-21,87.37000274658203,51.40857696533203,24.84000015258789,20.745319366455078
2016-10-24,87.41999816894531,51.43796920776367,24.81999969482422,20.728618621826172
2016-10-25,87.37000274658203,51.40857696533203,24.850000381469727,20.75366973876953
2016-10-26,87.0199966430664,51.2026252746582,24.950000762939453,20.837188720703125
2016-10-27,86.69999694824219,51.01432800292969,25.040000915527344,20.912355422973633
2016-10-28,86.27999877929688,50.76718521118164,25.15999984741211,21.0125732421875
2016-10-31,86.0199966430664,50.61420440673828,25.239999771118164,21.079383850097656
2016-11-01,85.30000305175781,50.41680145263672,25.34000015258789,21.162899017333984
2016-11-02,84.91999816894531,50.19219207763672,25.459999084472656,21.26312255859375
2016-11-03,84.94000244140625,50.20402526855469,25.450000762939453,21.25476837158203
2016-11-04,84.9800033569336,50.2276496887207,25.40999984741211,21.221363067626953
2016-11-07,86.16999816894531,50.931034088134766,25.059999465942383,20.929058074951172
2016-11-08,85.9800033569336,50.818729400634766,25.100000381469727,20.962461471557617
2016-11-09,85.37999725341797,50.464088439941406,25.299999237060547,21.129493713378906
2016-11-10,84.26000213623047,49.80211639404297,25.610000610351562,21.388389587402344
2016-11-11,83.47000122070312,49.33517837524414,25.860000610351562,21.59718132019043
2016-11-14,84.08999633789062,49.70161819458008,25.670000076293945,21.438501358032227
2016-11-15,85.19999694824219,50.35769271850586,25.31999969482422,21.14620018005371
2016-11-16,84.86000061035156,50.1567497253418,25.3799991607666,21.196304321289062
2016-11-17,84.62999725341797,50.020809173583984,25.489999771118164,21.288175582885742
2016-11-18,84.62999725341797,50.020809173583984,25.420000076293945,21.229711532592773
2016-11-21,85.30999755859375,50.42270278930664,25.25,21.087739944458008
2016-11-22,85.94000244140625,50.7950553894043,25.049999237060547,20.920703887939453
2016-11-23,85.62000274658203,50.6059455871582,25.149999618530273,21.004220962524414
2016-11-25,85.7300033569336,50.67097473144531,25.100000381469727,20.962461471557617
2016-11-28,85.72000122070312,50.66505813598633,25.1299991607666,20.987518310546875
2016-11-29,85.61000061035156,50.60000991821289,25.1299991607666,20.987518310546875
2016-11-30,85.6500015258789,50.623695373535156,25.149999618530273,21.004220962524414
2016-12-01,84.87000274658203,50.38677978515625,25.25,21.087739944458008
2016-12-02,85.37999725341797,50.6895751953125,25.1299991607666,20.987518310546875
2016-12-05,85.5999984741211,50.8202018737793,25.020000457763672,20.895648956298828
2016-12-06,86.02999877929688,51.07550048828125,24.889999389648438,20.787080764770508
2016-12-07,86.45999908447266,51.33075714111328,24.780000686645508,20.69521141052246
2016-12-08,86.44999694824219,51.3248291015625,24.799999237060547,20.711912155151367
2016-12-09,86.48999786376953,51.34856033325195,24.760000228881836,20.678508758544922
2016-12-12,86.37000274658203,51.277320861816406,24.81999969482422,20.728618621826172
2016-12-13,86.58000183105469,51.402015686035156,24.709999084472656,20.63675308227539
2016-12-14,85.93000030517578,51.01612091064453,24.93000030517578,20.82048797607422
2016-12-15,85.97000122070312,51.039859771728516,24.899999618530273,20.795429229736328
2016-12-16,86.05000305175781,51.08738708496094,24.889999389648438,20.787080764770508
2016-12-19,86.2699966430664,51.21795654296875,24.799999237060547,20.711912155151367
2016-12-20,86.38999938964844,51.289180755615234,24.829999923706055,20.73697280883789
2016-12-21,86.54000091552734,51.37827682495117,24.729999542236328,20.653457641601562
2016-12-22,86.44000244140625,51.48905944824219,24.690000534057617,20.620046615600586
2016-12-23,86.5999984741211,51.58433532714844,24.65999984741211,20.59499740600586
2016-12-27,86.5199966430664,51.53668975830078,24.690000534057617,20.620046615600586
2016-12-28,86.4000015258789,51.465232849121094,24.68000030517578,20.611696243286133
2016-12-29,86.5199966430664,51.53668975830078,24.670000076293945,20.60334587097168
2016-12-30,86.55000305175781,51.554569244384766,24.639999389648438,20.578290939331055
2017-01-03,86.91000366210938,51.769046783447266,24.530000686645508,20.486421585083008
2017-01-04,87.37999725341797,52.048980712890625,24.420000076293945,20.394554138183594
2017-01-05,87.25,51.971519470214844,24.459999084472656,20.427963256835938
2017-01-06,87.2300033569336,51.95964050292969,24.450000762939453,20.41961097717285
2017-01-09,87.20999908447266,51.94771194458008,24.459999084472656,20.427963256835938
2017-01-10,87.22000122070312,51.95368194580078,24.459999084472656,20.427963256835938
2017-01-11,87.2699966430664,51.98346710205078,24.459999084472656,20.427963256835938
2017-01-12,87.29000091552734,51.9953498840332,24.459999084472656,20.427963256835938
2017-01-13,87.31999969482422,52.01322937011719,24.43000030517578,20.402908325195312
2017-01-17,87.2300033569336,51.95964050292969,24.450000762939453,20.41961097717285
2017-01-18,87.30999755859375,52.007266998291016,24.450000762939453,20.41961097717285
2017-01-19,87.02999877929688,51.84049606323242,24.510000228881836,20.469717025756836
2017-01-20,87.19999694824219,51.94175720214844,24.450000762939453,20.41961097717285
2017-01-23,87.19999694824219,51.94175720214844,24.469999313354492,20.436307907104492
2017-01-24,87.26000213623047,51.97748565673828,24.440000534057617,20.4112548828125
2017-01-25,87.56999969482422,52.162147521972656,24.360000610351562,20.344446182250977
2017-01-26,87.52999877929688,52.13832092285156,24.350000381469727,20.336097717285156
2017-01-27,87.61000061035156,52.18598175048828,24.350000381469727,20.336097717285156
2017-01-30,87.43000030517578,52.07876205444336,24.389999389648438,20.36949920654297
2017-01-31,87.33999633789062,52.02515411376953,24.43000030517578,20.402908325195312
2017-02-01,87.27999877929688,52.217811584472656,24.329999923706055,20.31939125061035
2017-02-02,87.33000183105469,52.24773025512695,24.31999969482422,20.311037063598633
2017-02-03,87.4800033569336,52.337459564208984,24.280000686645508,20.277633666992188
2017-02-06,87.41999816894531,52.301551818847656,24.290000915527344,20.28598403930664
2017-02-07,87.29000091552734,52.2237663269043,24.309999465942383,20.30268669128418
2017-02-08,87.3499984741211,52.25968551635742,24.299999237060547,20.294334411621094
2017-02-09,87.47000122070312,52.33146286010742,24.270000457763672,20.2692813873291
2017-02-10,87.52999877929688,52.367347717285156,24.260000228881836,20.260927200317383
2017-02-13,87.66000366210938,52.44513702392578,24.200000762939453,20.21082305908203
2017-02-14,87.72000122070312,52.48103332519531,24.200000762939453,20.21082305908203
2017-02-15,87.75,52.49897766113281,24.200000762939453,20.21082305908203
2017-02-16,87.68000030517578,52.457115173339844,24.219999313354492,20.227521896362305
2017-02-17,87.7699966430664,52.510955810546875,24.200000762939453,20.21082305908203
2017-02-21,88.05999755859375,52.6844596862793,24.110000610351562,20.13565444946289
2017-02-22,88.0999984741211,52.708404541015625,24.09000015258789,20.11894989013672
2017-02-23,88.18000030517578,52.75625991821289,24.06999969482422,20.102249145507812
2017-02-24,88.25,52.79811477661133,24.049999237060547,20.085548400878906
2017-02-27,88.36000061035156,52.86394500732422,24.020000457763672,20.060489654541016
2017-02-28,88.29000091552734,52.822059631347656,24.030000686645508,20.068843841552734
2017-03-01,88.2300033569336,53.016754150390625,23.940000534057617,19.99368667602539
2017-03-02,87.94999694824219,52.84849548339844,24.0,20.04378890991211
2017-03-03,87.98999786376953,52.87252426147461,24.030000686645508,20.068843841552734
2017-03-06,87.70999908447266,52.704307556152344,24.06999969482422,20.102249145507812
2017-03-07,87.13999938964844,52.361785888671875,24.25,20.252578735351562
2017-03-08,86.55999755859375,52.01323699951172,24.420000076293945,20.394554138183594
2017-03-09,86.33000183105469,51.87506103515625,24.489999771118164,20.45301628112793
2017-03-10,86.30000305175781,51.857032775878906,24.489999771118164,20.45301628112793
2017-03-13,86.37000274658203,51.899085998535156,24.479999542236328,20.444664001464844
2017-03-14,86.11000061035156,51.74281692504883,24.56999969482422,20.51983070373535
2017-03-15,87.30000305175781,52.45793151855469,24.219999313354492,20.227521896362305
2017-03-16,87.05000305175781,52.30768966674805,24.25,20.252578735351562
2017-03-17,87.08000183105469,52.32571029663086,24.260000228881836,20.260927200317383
2017-03-20,86.91000366210938,52.22358322143555,24.270000457763672,20.2692813873291
2017-03-21,86.29000091552734,51.851009368896484,24.5,20.461366653442383
2017-03-22,86.5,51.97721481323242,24.420000076293945,20.394554138183594
2017-03-23,86.52999877929688,51.995262145996094,24.399999618530273,20.377849578857422
2017-03-24,86.83000183105469,52.17552185058594,24.34000015258789,20.327743530273438
2017-03-27,86.73999786376953,52.12137985229492,24.360000610351562,20.344446182250977
2017-03-28,87.22000122070312,52.40984344482422,24.209999084472656,20.219167709350586
2017-03-29,87.4000015258789,52.518001556396484,24.1299991607666,20.152360916137695
2017-03-30,87.80999755859375,52.7643928527832,24.030000686645508,20.068843841552734
2017-03-31,87.77999877929688,52.74634552001953,24.040000915527344,20.07719612121582
2017-04-03,87.36000061035156,52.71798324584961,24.059999465942383,20.09389877319336
2017-04-04,87.38999938964844,52.736083984375,24.049999237060547,20.085548400878906
2017-04-05,87.31999969482422,52.6938362121582,24.06999969482422,20.102249145507812
2017-04-06,87.43000030517578,52.760215759277344,24.049999237060547,20.085548400878906
2017-04-07,87.38999938964844,52.736083984375,24.049999237060547,20.085548400878906
2017-04-10,87.51000213623047,52.808494567871094,24.0,20.04378890991211
2017-04-11,87.33999633789062,52.70591354370117,24.059999465942383,20.09389877319336
2017-04-12,87.4000015258789,52.74211502075195,24.030000686645508,20.068843841552734
2017-04-13,87.22000122070312,52.63349533081055,24.1200008392334,20.144012451171875
2017-04-17,87.4800033569336,52.7904052734375,24.010000228881836,20.05213737487793
2017-04-18,87.45999908447266,52.778316497802734,24.040000915527344,20.07719612121582
2017-04-19,87.37999725341797,52.73006057739258,24.049999237060547,20.085548400878906
2017-04-20,87.66999816894531,52.90504837036133,23.969999313354492,20.01873779296875
2017-04-21,87.5999984741211,52.86280059814453,23.979999542236328,20.027088165283203
2017-04-24,88.01000213623047,53.11025619506836,23.860000610351562,19.926864624023438
2017-04-25,88.16999816894531,53.20677947998047,23.809999465942383,19.88510513305664
2017-04-26,88.08999633789062,53.15848922729492,23.8799991607666,19.943572998046875
2017-04-27,88.1500015258789,53.1947135925293,23.829999923706055,19.901809692382812
2017-04-28,88.12000274658203,53.17660903930664,23.829999923706055,19.901809692382812
2017-05-01,87.79000091552734,53.203880310058594,23.809999465942383,19.88510513305664
2017-05-02,87.81999969482422,53.22205352783203,23.81999969482422,19.893463134765625
2017-05-03,87.9000015258789,53.270538330078125,23.790000915527344,19.868408203125
2017-05-04,87.43000030517578,52.985694885253906,23.899999618530273,19.96027183532715
2017-05-05,87.58000183105469,53.07659149169922,23.8700008392334,19.935216903686523
2017-05-08,87.68000030517578,53.13722229003906,23.84000015258789,19.910160064697266
2017-05-09,87.62000274658203,53.10086441040039,23.84000015258789,19.910160064697266
2017-05-10,88.0,53.33115005493164,23.75,19.83500099182129
2017-05-11,88.01000213623047,53.33723068237305,23.75,19.83500099182129
2017-05-12,87.9800033569336,53.319026947021484,23.780000686645508,19.860050201416016
2017-05-15,88.18000030517578,53.44023895263672,23.709999084472656,19.801591873168945
2017-05-16,88.30999755859375,53.51904296875,23.65999984741211,19.759830474853516
2017-05-17,87.91999816894531,53.28266525268555,23.790000915527344,19.868408203125
2017-05-18,88.0199966430664,53.343265533447266,23.75,19.83500099182129
2017-05-19,88.18000030517578,53.44023895263672,23.700000762939453,19.79323959350586
2017-05-22,88.44999694824219,53.60386657714844,23.65999984741211,19.759830474853516
2017-05-23,88.44000244140625,53.597808837890625,23.649999618530273,19.751487731933594
2017-05-24,88.58999633789062,53.68870162963867,23.600000381469727,19.709728240966797
2017-05-25,88.5199966430664,53.64632034301758,23.610000610351562,19.718076705932617
2017-05-26,88.56999969482422,53.676605224609375,23.6200008392334,19.726428985595703
2017-05-30,88.66000366210938,53.73112487792969,23.600000381469727,19.709728240966797
2017-05-31,88.6500015258789,53.72507858276367,23.600000381469727,19.709728240966797
2017-06-01,88.52999877929688,53.88147735595703,23.510000228881836,19.63456153869629
2017-06-02,88.58000183105469,53.911930084228516,23.489999771118164,19.617856979370117
2017-06-05,88.5,53.863224029541016,23.520000457763672,19.64291000366211
2017-06-06,88.36000061035156,53.77802276611328,23.56999969482422,19.684673309326172
2017-06-07,88.18000030517578,53.66847610473633,23.610000610351562,19.718076705932617
2017-06-08,88.25,53.7110595703125,23.56999969482422,19.684673309326172
2017-06-09,88.31999969482422,53.753658294677734,23.56999969482422,19.684673309326172
2017-06-12,88.47000122070312,53.844940185546875,23.510000228881836,19.63456153869629
2017-06-13,88.62999725341797,53.94232940673828,23.479999542236328,19.609506607055664
2017-06-14,88.63999938964844,53.94843292236328,23.479999542236328,19.609506607055664
2017-06-15,88.30000305175781,53.74153137207031,23.56999969482422,19.684673309326172
2017-06-16,88.1500015258789,53.650211334228516,23.610000610351562,19.718076705932617
2017-06-19,88.41999816894531,53.81453323364258,23.540000915527344,19.659618377685547
2017-06-20,88.11000061035156,53.62586975097656,23.6200008392334,19.726428985595703
2017-06-21,87.5999984741211,53.31546401977539,23.780000686645508,19.860050201416016
2017-06-22,87.83999633789062,53.46155548095703,23.700000762939453,19.79323959350586
2017-06-23,88.19999694824219,53.68064498901367,23.59000015258789,19.701377868652344
2017-06-26,88.31999969482422,53.753658294677734,23.549999237060547,19.667970657348633
2017-06-27,88.04000091552734,53.58323287963867,23.6299991607666,19.734777450561523
2017-06-28,88.4000015258789,53.80234909057617,23.530000686645508,19.651264190673828
2017-06-29,88.18000030517578,53.66847610473633,23.59000015258789,19.701377868652344
2017-06-30,88.38999938964844,53.796302795410156,23.530000686645508,19.651264190673828
2017-07-03,87.97000122070312,53.77001190185547,23.549999237060547,19.667970657348633
2017-07-05,87.9000015258789,53.727176666259766,23.559999465942383,19.676321029663086
2017-07-06,87.68000030517578,53.59274673461914,23.6299991607666,19.734777450561523
2017-07-07,87.5999984741211,53.543846130371094,23.649999618530273,19.751487731933594
2017-07-10,87.69999694824219,53.604957580566406,23.6299991607666,19.734777450561523
2017-07-11,87.63999938964844,53.56828308105469,23.6200008392334,19.726428985595703
2017-07-12,88.20999908447266,53.91667556762695,23.479999542236328,19.609506607055664
2017-07-13,88.27999877929688,53.95948028564453,23.450000762939453,19.58445167541504
2017-07-14,88.52999877929688,54.11227035522461,23.399999618530273,19.542694091796875
2017-07-17,88.55999755859375,54.13064193725586,23.3700008392334,19.517635345458984
2017-07-18,88.5999984741211,54.155086517333984,23.360000610351562,19.509288787841797
2017-07-19,88.75,54.24676513671875,23.329999923706055,19.48423194885254
2017-07-20,88.80000305175781,54.27731704711914,23.309999465942383,19.467531204223633
2017-07-21,88.7300033569336,54.23453140258789,23.34000015258789,19.49258041381836
2017-07-24,88.80000305175781,54.27731704711914,23.329999923706055,19.48423194885254
2017-07-25,88.83999633789062,54.30175018310547,23.309999465942383,19.467531204223633
2017-07-26,88.97000122070312,54.3812141418457,23.260000228881836,19.425769805908203
2017-07-27,88.9000015258789,54.33845520019531,23.309999465942383,19.467531204223633
2017-07-28,88.91000366210938,54.34455490112305,23.280000686645508,19.442474365234375
2017-07-31,88.91000366210938,54.34455490112305,23.280000686645508,19.442474365234375
2017-08-01,88.62999725341797,54.3985481262207,23.270000457763672,19.434125900268555
2017-08-02,88.6500015258789,54.41083908081055,23.239999771118164,19.409072875976562
2017-08-03,88.4800033569336,54.30649185180664,23.290000915527344,19.450828552246094
2017-08-04,88.5,54.31875991821289,23.309999465942383,19.467531204223633
2017-08-07,88.45999908447266,54.29423141479492,23.309999465942383,19.467531204223633
2017-08-08,88.08000183105469,54.060977935791016,23.420000076293945,19.559398651123047
2017-08-09,87.73999786376953,53.85231018066406,23.520000457763672,19.64291000366211
2017-08-10,87.18000030517578,53.50860595703125,23.68000030517578,19.776535034179688
2017-08-11,87.33000183105469,53.60066604614258,23.610000610351562,19.718076705932617
2017-08-14,87.79000091552734,53.88300704956055,23.520000457763672,19.64291000366211
2017-08-15,87.81999969482422,53.90142059326172,23.520000457763672,19.64291000366211
2017-08-16,87.83000183105469,53.90757751464844,23.479999542236328,19.609506607055664
2017-08-17,87.33999633789062,53.6068115234375,23.600000381469727,19.709728240966797
2017-08-18,87.47000122070312,53.68659973144531,23.579999923706055,19.693025588989258
2017-08-21,87.55999755859375,53.74183654785156,23.559999465942383,19.676321029663086
2017-08-22,87.91999816894531,53.962799072265625,23.440000534057617,19.576099395751953
2017-08-23,87.93000030517578,53.96893310546875,23.459999084472656,19.592802047729492
2017-08-24,88.05999755859375,54.04872512817383,23.420000076293945,19.559398651123047
2017-08-25,88.22000122070312,54.146907806396484,23.360000610351562,19.509288787841797
2017-08-28,88.2300033569336,54.153038024902344,23.360000610351562,19.509288787841797
2017-08-29,88.12000274658203,54.08555603027344,23.399999618530273,19.542694091796875
2017-08-30,88.36000061035156,54.23284912109375,23.31999969482422,19.475879669189453
2017-08-31,88.5999984741211,54.380157470703125,23.260000228881836,19.425769805908203
2017-09-01,88.31999969482422,54.43561935424805,23.229999542236328,19.400712966918945
2017-09-05,88.12000274658203,54.31239318847656,23.290000915527344,19.450828552246094
2017-09-06,88.05999755859375,54.27535629272461,23.299999237060547,19.45918083190918
2017-09-07,88.06999969482422,54.28156280517578,23.260000228881836,19.425769805908203
2017-09-08,87.79000091552734,54.108943939208984,23.3799991607666,19.525989532470703
2017-09-11,88.06999969482422,54.28156280517578,23.290000915527344,19.450828552246094
2017-09-12,88.18000030517578,54.349342346191406,23.25,19.417423248291016
2017-09-13,88.20999908447266,54.36778259277344,23.219999313354492,19.392364501953125
2017-09-14,88.33000183105469,54.44178009033203,23.229999542236328,19.400712966918945
2017-09-15,88.41000366210938,54.491127014160156,23.229999542236328,19.400712966918945
2017-09-18,88.37000274658203,54.46643829345703,23.219999313354492,19.392364501953125
2017-09-19,88.45999908447266,54.52190399169922,23.18000030517578,19.358959197998047
2017-09-20,88.44999694824219,54.515750885009766,23.190000534057617,19.3673095703125
2017-09-21,88.33999633789062,54.44796371459961,23.229999542236328,19.400712966918945
2017-09-22,88.43000030517578,54.5034294128418,23.209999084472656,19.384014129638672
2017-09-25,88.4800033569336,54.53422927856445,23.170000076293945,19.350610733032227
2017-09-26,88.58999633789062,54.60203170776367,23.139999389648438,19.325551986694336
2017-09-27,88.62999725341797,54.62669372558594,23.15999984741211,19.342256546020508
2017-09-28,88.62999725341797,54.62669372558594,23.1200008392334,19.308849334716797
2017-09-29,88.76000213623047,54.706825256347656,23.1200008392334,19.308849334716797
2017-10-02,88.3499984741211,54.678993225097656,23.110000610351562,19.30049705505371
2017-10-03,88.51000213623047,54.77798843383789,23.049999237060547,19.250385284423828
2017-10-04,88.41999816894531,54.72227478027344,23.100000381469727,19.29214859008789
2017-10-05,88.52999877929688,54.79037094116211,23.09000015258789,19.283796310424805
2017-10-06,88.4000015258789,54.70993423461914,23.110000610351562,19.30049705505371
2017-10-09,88.41000366210938,54.71612548828125,23.100000381469727,19.29214859008789
2017-10-10,88.4800033569336,54.75941848754883,23.079999923706055,19.27544403076172
2017-10-11,88.38999938964844,54.70372009277344,23.110000610351562,19.30049705505371
2017-10-12,88.29000091552734,54.64183044433594,23.110000610351562,19.30049705505371
2017-10-13,88.33000183105469,54.666587829589844,23.110000610351562,19.30049705505371
2017-10-16,88.37999725341797,54.69752502441406,23.100000381469727,19.29214859008789
2017-10-17,88.51000213623047,54.77798843383789,23.09000015258789,19.283796310424805
2017-10-18,88.5999984741211,54.83367919921875,23.059999465942383,19.25874137878418
2017-10-19,88.61000061035156,54.83987808227539,23.059999465942383,19.25874137878418
2017-10-20,88.69000244140625,54.88938903808594,23.010000228881836,19.21698570251465
2017-10-23,88.58999633789062,54.82749557495117,23.059999465942383,19.25874137878418
2017-10-24,88.58999633789062,54.82749557495117,23.06999969482422,19.2670955657959
2017-10-25,88.33999633789062,54.672786712646484,23.1299991607666,19.31719970703125
2017-10-26,88.2300033569336,54.60469055175781,23.18000030517578,19.358959197998047
2017-10-27,88.47000122070312,54.75325393676758,23.079999923706055,19.27544403076172
2017-10-30,88.44999694824219,54.74085235595703,23.149999618530273,19.333904266357422
2017-10-31,88.47000122070312,54.75325393676758,23.100000381469727,19.29214859008789
2017-11-01,88.0199966430664,54.701045989990234,23.1299991607666,19.31719970703125
2017-11-02,87.97000122070312,54.66997146606445,23.1299991607666,19.31719970703125
2017-11-03,87.9800033569336,54.67618179321289,23.139999389648438,19.325551986694336
2017-11-06,87.98999786376953,54.682373046875,23.15999984741211,19.342256546020508
2017-11-07,87.73999786376953,54.52700424194336,23.209999084472656,19.384014129638672
2017-11-08,87.3499984741211,54.28464889526367,23.309999465942383,19.467531204223633
2017-11-09,86.91999816894531,54.01741409301758,23.440000534057617,19.576099395751953
2017-11-10,87.11000061035156,54.13549041748047,23.399999618530273,19.542694091796875
2017-11-13,87.05000305175781,54.098175048828125,23.389999389648438,19.534343719482422
2017-11-14,86.68000030517578,53.8682861328125,23.489999771118164,19.617856979370117
2017-11-15,86.68000030517578,53.8682861328125,23.469999313354492,19.60115623474121
2017-11-16,87.52999877929688,54.39651107788086,23.270000457763672,19.434125900268555
2017-11-17,87.47000122070312,54.35923385620117,23.25,19.417423248291016
2017-11-20,87.48999786376953,54.37165832519531,23.280000686645508,19.442474365234375
2017-11-21,87.66999816894531,54.483489990234375,23.200000762939453,19.37566375732422
2017-11-22,87.80999755859375,54.57054138183594,23.170000076293945,19.350610733032227
2017-11-24,87.87000274658203,54.607810974121094,23.170000076293945,19.350610733032227
2017-11-27,87.5999984741211,54.440040588378906,23.219999313354492,19.392364501953125
2017-11-28,87.87000274658203,54.607810974121094,23.15999984741211,19.342256546020508
2017-11-29,87.76000213623047,54.53947067260742,23.170000076293945,19.350610733032227
2017-11-30,87.77999877929688,54.5518913269043,23.170000076293945,19.350610733032227
2017-12-01,87.37999725341797,54.53440856933594,23.190000534057617,19.3673095703125
2017-12-04,87.3499984741211,54.515689849853516,23.190000534057617,19.3673095703125
2017-12-05,87.30000305175781,54.48448181152344,23.190000534057617,19.3673095703125
2017-12-06,87.22000122070312,54.43451690673828,23.229999542236328,19.400712966918945
2017-12-07,87.26000213623047,54.459510803222656,23.209999084472656,19.384014129638672
2017-12-08,87.3499984741211,54.515689849853516,23.200000762939453,19.37566375732422
2017-12-11,87.37000274658203,54.52817153930664,23.18000030517578,19.358959197998047
2017-12-12,87.33000183105469,54.50319290161133,23.190000534057617,19.3673095703125
2017-12-13,87.37999725341797,54.53440856933594,23.170000076293945,19.350610733032227
2017-12-14,87.19999694824219,54.42206954956055,23.200000762939453,19.37566375732422
2017-12-15,87.20999908447266,54.42831039428711,23.200000762939453,19.37566375732422
2017-12-18,87.30000305175781,54.48448181152344,23.18000030517578,19.358959197998047
2017-12-19,87.12000274658203,54.37211990356445,23.270000457763672,19.434125900268555
2017-12-20,87.19000244140625,54.415828704833984,23.260000228881836,19.425769805908203
2017-12-21,86.91999816894531,54.47283935546875,23.209999084472656,19.384014129638672
2017-12-22,87.0,54.522979736328125,23.18000030517578,19.358959197998047
2017-12-26,87.12999725341797,54.60447311401367,23.170000076293945,19.350610733032227
2017-12-27,87.16999816894531,54.629547119140625,23.149999618530273,19.333904266357422
2017-12-28,87.12999725341797,54.60447311401367,23.139999389648438,19.325551986694336
2017-12-29,87.26000213623047,54.685909271240234,23.1200008392334,19.308849334716797
2018-01-02,87.33999633789062,54.736080169677734,23.110000610351562,19.30049705505371
2018-01-03,87.76000213623047,54.99930191040039,23.0,19.208637237548828
2018-01-04,87.91000366210938,55.093299865722656,22.940000534057617,19.158517837524414
2018-01-05,87.97000122070312,55.13090515136719,22.950000762939453,19.166868209838867
2018-01-08,87.9000015258789,55.08698272705078,22.950000762939453,19.166868209838867
2018-01-09,87.62999725341797,54.917789459228516,23.010000228881836,19.21698570251465
2018-01-10,87.44000244140625,54.7987174987793,23.049999237060547,19.250385284423828
2018-01-11,87.7300033569336,54.980464935302734,23.0,19.208637237548828
2018-01-12,87.58000183105469,54.88646697998047,23.030000686645508,19.233686447143555
2018-01-16,87.52999877929688,54.855159759521484,23.059999465942383,19.25874137878418
2018-01-17,87.54000091552734,54.86138916015625,23.049999237060547,19.250385284423828
2018-01-18,87.44999694824219,54.80499267578125,23.079999923706055,19.27544403076172
2018-01-19,87.54000091552734,54.86138916015625,23.049999237060547,19.250385284423828
2018-01-22,87.62000274658203,54.91155242919922,23.040000915527344,19.242040634155273
2018-01-23,87.87999725341797,55.07448959350586,22.989999771118164,19.200279235839844
2018-01-24,87.75,54.993011474609375,22.979999542236328,19.191926956176758
2018-01-25,87.69000244140625,54.95541763305664,23.059999465942383,19.25874137878418
2018-01-26,87.76000213623047,54.99930191040039,23.010000228881836,19.21698570251465
2018-01-29,87.44999694824219,54.80499267578125,23.079999923706055,19.27544403076172
2018-01-30,87.1500015258789,54.61700439453125,23.15999984741211,19.342256546020508
2018-01-31,87.30000305175781,54.71099853515625,23.09000015258789,19.283796310424805
2018-02-01,86.7699966430664,54.607791900634766,23.170000076293945,19.350610733032227
2018-02-02,86.22000122070312,54.26164245605469,23.31999969482422,19.475879669189453
2018-02-05,85.73999786376953,53.95956039428711,23.440000534057617,19.576099395751953
2018-02-06,86.26000213623047,54.286808013916016,23.360000610351562,19.509288787841797
2018-02-07,85.94000244140625,54.08545684814453,23.399999618530273,19.542694091796875
2018-02-08,85.19000244140625,53.61345291137695,23.610000610351562,19.718076705932617
2018-02-09,84.94999694824219,53.46238327026367,23.690000534057617,19.784889221191406
2018-02-12,85.52999877929688,53.82741165161133,23.5,19.626211166381836
2018-02-13,85.26000213623047,53.65750503540039,23.59000015258789,19.701377868652344
2018-02-14,85.41000366210938,53.75189208984375,23.559999465942383,19.676321029663086
2018-02-15,86.0999984741211,54.18614196777344,23.350000381469727,19.50093650817871
2018-02-16,86.44999694824219,54.406368255615234,23.25,19.417423248291016
2018-02-20,86.1500015258789,54.217586517333984,23.360000610351562,19.509288787841797
2018-02-21,85.76000213623047,53.97215270996094,23.399999618530273,19.542694091796875
2018-02-22,85.81999969482422,54.00990676879883,23.420000076293945,19.559398651123047
2018-02-23,86.38999938964844,54.368629455566406,23.260000228881836,19.425769805908203
2018-02-26,86.54000091552734,54.463043212890625,23.239999771118164,19.409072875976562
2018-02-27,86.30999755859375,54.31828308105469,23.270000457763672,19.434125900268555
2018-02-28,86.18000030517578,54.236446380615234,23.309999465942383,19.467531204223633
2018-03-01,85.2699966430664,53.876949310302734,23.350000381469727,19.50093650817871
2018-03-02,85.75,54.18025588989258,23.329999923706055,19.48423194885254
2018-03-05,85.75,54.18025588989258,23.34000015258789,19.49258041381836
2018-03-06,85.87000274658203,54.2560920715332,23.309999465942383,19.467531204223633
2018-03-07,85.66000366210938,54.1234016418457,23.3700008392334,19.517635345458984
2018-03-08,85.76000213623047,54.18656539916992,23.350000381469727,19.50093650817871
2018-03-09,86.06999969482422,54.38243103027344,23.25,19.417423248291016
2018-03-12,85.93000030517578,54.29396438598633,23.290000915527344,19.450828552246094
2018-03-13,85.66000366210938,54.1234016418457,23.350000381469727,19.50093650817871
2018-03-14,85.55999755859375,54.0601806640625,23.3799991607666,19.525989532470703
2018-03-15,85.62000274658203,54.098079681396484,23.360000610351562,19.509288787841797
2018-03-16,85.80000305175781,54.211814880371094,23.329999923706055,19.48423194885254
2018-03-19,85.44999694824219,53.990684509277344,23.43000030517578,19.5677433013916
2018-03-20,85.62000274658203,54.098079681396484,23.389999389648438,19.534343719482422
2018-03-21,85.6500015258789,54.117069244384766,23.3799991607666,19.530162811279297
2018-03-22,85.13999938964844,53.79481887817383,23.510000228881836,19.638763427734375
2018-03-23,84.91999816894531,53.65584182739258,23.56999969482422,19.68887710571289
2018-03-26,85.47000122070312,54.0032958984375,23.420000076293945,19.56357765197754
2018-03-27,85.38999938964844,53.95277786254883,23.43000030517578,19.571931838989258
2018-03-28,85.3499984741211,53.927528381347656,23.440000534057617,19.580286026000977
2018-03-29,85.63999938964844,54.110721588134766,23.3799991607666,19.530162811279297
2018-04-02,84.95999908447266,53.90074920654297,23.450000762939453,19.58863639831543
2018-04-03,85.19999694824219,54.053009033203125,23.420000076293945,19.56357765197754
2018-04-04,85.38999938964844,54.173545837402344,23.360000610351562,19.513456344604492
2018-04-05,85.45999908447266,54.21796417236328,23.31999969482422,19.480051040649414
2018-04-06,85.2699966430664,54.097412109375,23.399999618530273,19.546875
2018-04-09,85.58999633789062,54.30043029785156,23.309999465942383,19.471691131591797
2018-04-10,85.9000015258789,54.497108459472656,23.239999771118164,19.41322135925293
2018-04-11,85.93000030517578,54.51615905761719,23.190000534057617,19.37145233154297
2018-04-12,86.23999786376953,54.71280288696289,23.1200008392334,19.312976837158203
2018-04-13,86.29000091552734,54.744537353515625,23.09000015258789,19.287918090820312
2018-04-16,86.41999816894531,54.827030181884766,23.049999237060547,19.25450897216797
2018-04-17,86.45999908447266,54.852386474609375,23.040000915527344,19.24614906311035
2018-04-18,86.37000274658203,54.7952766418457,23.059999465942383,19.26285743713379
2018-04-19,86.0999984741211,54.62398910522461,23.1299991607666,19.321331024169922
2018-04-20,85.88999938964844,54.49076461791992,23.190000534057617,19.37145233154297
2018-04-23,85.66000366210938,54.34487533569336,23.239999771118164,19.41322135925293
2018-04-24,85.48999786376953,54.23701477050781,23.299999237060547,19.463340759277344
2018-04-25,85.5,54.243343353271484,23.329999923706055,19.4883975982666
2018-04-26,85.80000305175781,54.43368148803711,23.229999542236328,19.404861450195312
2018-04-27,85.76000213623047,54.40826416015625,23.229999542236328,19.404861450195312
2018-04-30,85.69999694824219,54.37018966674805,23.25,19.421567916870117
2018-05-01,85.4000015258789,54.41033935546875,23.260000228881836,19.429922103881836
2018-05-02,85.37000274658203,54.39125442504883,23.270000457763672,19.438282012939453
2018-05-03,85.36000061035156,54.384864807128906,23.260000228881836,19.429922103881836
2018-05-04,85.41999816894531,54.423095703125,23.239999771118164,19.41322135925293
2018-05-07,85.5,54.47407531738281,23.260000228881836,19.429922103881836
2018-05-08,85.37000274658203,54.39125442504883,23.219999313354492,19.396512985229492
2018-05-09,85.51000213623047,54.48044967651367,23.200000762939453,19.379806518554688
2018-05-10,85.76000213623047,54.639705657958984,23.1299991607666,19.321331024169922
2018-05-11,85.7300033569336,54.620601654052734,23.139999389648438,19.32968521118164
2018-05-14,85.75,54.63333511352539,23.139999389648438,19.32968521118164
2018-05-15,85.33000183105469,54.36576461791992,23.25,19.421567916870117
2018-05-16,85.44000244140625,54.435848236083984,23.229999542236328,19.404861450195312
2018-05-17,85.48999786376953,54.46771240234375,23.229999542236328,19.404861450195312
2018-05-18,85.4000015258789,54.41033935546875,23.260000228881836,19.429922103881836
2018-05-21,85.5199966430664,54.48677444458008,23.209999084472656,19.388154983520508
2018-05-22,85.58000183105469,54.525054931640625,23.190000534057617,19.37145233154297
2018-05-23,85.6500015258789,54.56965255737305,23.15999984741211,19.346393585205078
2018-05-24,85.69999694824219,54.60150146484375,23.170000076293945,19.354745864868164
2018-05-25,85.55999755859375,54.51227569580078,23.200000762939453,19.379806518554688
2018-05-29,85.19999694824219,54.28296661376953,23.299999237060547,19.463340759277344
2018-05-30,85.45999908447266,54.448577880859375,23.229999542236328,19.404861450195312
2018-05-31,85.37999725341797,54.397605895996094,23.270000457763672,19.438282012939453
2018-06-01,85.19000244140625,54.52175521850586,23.219999313354492,19.396512985229492
2018-06-04,85.37000274658203,54.636985778808594,23.209999084472656,19.388154983520508
2018-06-05,85.47000122070312,54.700965881347656,23.170000076293945,19.354745864868164
2018-06-06,85.68000030517578,54.83537292480469,23.100000381469727,19.296268463134766
2018-06-07,85.70999908447266,54.85458755493164,23.100000381469727,19.296268463134766
2018-06-08,85.66000366210938,54.822574615478516,23.100000381469727,19.296268463134766
2018-06-11,85.81999969482422,54.92497634887695,23.09000015258789,19.287918090820312
2018-06-12,85.88999938964844,54.96974182128906,23.020000457763672,19.22944450378418
2018-06-13,85.91999816894531,54.98897171020508,23.020000457763672,19.22944450378418
2018-06-14,86.16999816894531,55.14898681640625,22.950000762939453,19.170976638793945
2018-06-15,86.12000274658203,55.117000579833984,22.940000534057617,19.162616729736328
2018-06-18,86.11000061035156,55.110572814941406,22.959999084472656,19.1793212890625
2018-06-19,85.98999786376953,55.03377151489258,22.979999542236328,19.19603157043457
2018-06-20,86.08000183105469,55.091365814208984,22.940000534057617,19.194355010986328
2018-06-21,85.9000015258789,54.97616958618164,22.979999542236328,19.227825164794922
2018-06-22,85.91000366210938,54.98258590698242,22.979999542236328,19.227825164794922
2018-06-25,85.70999908447266,54.85458755493164,23.010000228881836,19.252931594848633
2018-06-26,85.69999694824219,54.848182678222656,23.010000228881836,19.252931594848633
2018-06-27,85.5199966430664,54.73293685913086,23.06999969482422,19.303129196166992
2018-06-28,85.27999877929688,54.57938766479492,23.110000610351562,19.336599349975586
2018-06-29,85.08000183105469,54.45140075683594,23.190000534057617,19.403535842895508
2018-07-02,84.77999877929688,54.503448486328125,23.170000076293945,19.386804580688477
2018-07-03,84.79000091552734,54.50988006591797,23.170000076293945,19.386804580688477
2018-07-05,85.11000061035156,54.71561050415039,23.09000015258789,19.319866180419922
2018-07-06,85.33000183105469,54.85702133178711,23.020000457763672,19.26129722595215
2018-07-09,85.45999908447266,54.940635681152344,23.010000228881836,19.252931594848633
2018-07-10,85.47000122070312,54.94702911376953,23.0,19.244564056396484
2018-07-11,85.33999633789062,54.86347198486328,23.030000686645508,19.269662857055664
2018-07-12,85.61000061035156,55.037025451660156,22.969999313354492,19.219459533691406
2018-07-13,85.61000061035156,55.037025451660156,22.959999084472656,19.211090087890625
2018-07-16,85.55000305175781,54.998451232910156,22.989999771118164,19.236194610595703
2018-07-17,85.58000183105469,55.017765045166016,22.959999084472656,19.211090087890625
2018-07-18,85.62000274658203,55.043460845947266,22.959999084472656,19.211090087890625
2018-07-19,85.58000183105469,55.017765045166016,22.979999542236328,19.227825164794922
2018-07-20,85.62000274658203,55.043460845947266,22.969999313354492,19.219459533691406
2018-07-23,85.58999633789062,55.02417755126953,22.969999313354492,19.219459533691406
2018-07-24,85.7699966430664,55.139892578125,22.90999984741211,19.16925621032715
2018-07-25,85.93000030517578,55.24279022216797,22.8799991607666,19.144149780273438
2018-07-26,85.94000244140625,55.24919128417969,22.8799991607666,19.144149780273438
2018-07-27,85.91000366210938,55.22987365722656,22.8700008392334,19.135787963867188
2018-07-30,85.94000244140625,55.24919128417969,22.8700008392334,19.135787963867188
2018-07-31,86.12000274658203,55.36491012573242,22.81999969482422,19.093950271606445
2018-08-01,85.83000183105469,55.41461944580078,22.81999969482422,19.093950271606445
2018-08-02,85.87999725341797,55.4468879699707,22.809999465942383,19.085580825805664
2018-08-03,85.94999694824219,55.49211883544922,22.790000915527344,19.06884765625
2018-08-06,86.11000061035156,55.59541320800781,22.75,19.035381317138672
2018-08-07,86.1500015258789,55.6212272644043,22.729999542236328,19.018646240234375
2018-08-08,86.0999984741211,55.588924407958984,22.729999542236328,19.018646240234375
2018-08-09,86.04000091552734,55.550209045410156,22.760000228881836,19.043745040893555
2018-08-10,85.88999938964844,55.453338623046875,22.790000915527344,19.06884765625
2018-08-13,85.83000183105469,55.41461944580078,22.81999969482422,19.093950271606445
2018-08-14,85.9800033569336,55.5114860534668,22.770000457763672,19.0521183013916
2018-08-15,85.83000183105469,55.41461944580078,22.809999465942383,19.085580825805664
2018-08-16,85.94000244140625,55.485618591308594,22.770000457763672,19.0521183013916
2018-08-17,86.04000091552734,55.550209045410156,22.75,19.035381317138672
2018-08-20,86.08000183105469,55.576045989990234,22.719999313354492,19.01028060913086
2018-08-21,86.20999908447266,55.659942626953125,22.690000534057617,18.985177993774414
2018-08-22,86.23999786376953,55.6793327331543,22.68000030517578,18.9768123626709
2018-08-23,86.2300033569336,55.672874450683594,22.700000762939453,18.993547439575195
2018-08-24,86.37999725341797,55.76969909667969,22.68000030517578,18.9768123626709
2018-08-27,86.41000366210938,55.789085388183594,22.670000076293945,18.968441009521484
2018-08-28,86.37000274658203,55.76326370239258,22.65999984741211,18.9600772857666
2018-08-29,86.31999969482422,55.7309684753418,22.649999618530273,18.951705932617188
2018-08-30,86.25,55.685768127441406,22.700000762939453,18.993547439575195
2018-08-31,86.36000061035156,55.75678253173828,22.68000030517578,18.9768123626709
2018-09-04,85.80999755859375,55.640750885009766,22.719999313354492,19.01028060913086
2018-09-05,85.72000122070312,55.582401275634766,22.719999313354492,19.01028060913086
2018-09-06,85.79000091552734,55.627769470214844,22.739999771118164,19.027015686035156
2018-09-07,85.69999694824219,55.569400787353516,22.75,19.035381317138672
2018-09-10,85.87000274658203,55.67963409423828,22.719999313354492,19.01028060913086
2018-09-11,85.88999938964844,55.69261932373047,22.700000762939453,18.993547439575195
2018-09-12,86.08999633789062,55.82230758666992,22.649999618530273,18.951705932617188
2018-09-13,86.25,55.926025390625,22.6200008392334,18.92660903930664
2018-09-14,86.33000183105469,55.977935791015625,22.600000381469727,18.909868240356445
2018-09-17,86.2699966430664,55.939022064208984,22.610000610351562,18.918237686157227
2018-09-18,86.26000213623047,55.932525634765625,22.6299991607666,18.934974670410156
2018-09-19,86.0999984741211,55.828765869140625,22.649999618530273,18.951705932617188
2018-09-20,86.22000122070312,55.906593322753906,22.639999389648438,18.943340301513672
2018-09-21,86.23999786376953,55.91953659057617,22.6200008392334,18.92660903930664
2018-09-24,86.19999694824219,55.89360809326172,22.639999389648438,18.943340301513672
2018-09-25,86.12999725341797,55.84822082519531,22.65999984741211,18.9600772857666
2018-09-26,86.22000122070312,55.906593322753906,22.559999465942383,18.92149543762207
2018-09-27,86.37999725341797,56.010318756103516,22.540000915527344,18.904720306396484
2018-09-28,86.44000244140625,56.049232482910156,22.520000457763672,18.887948989868164
2018-10-01,86.30000305175781,56.211421966552734,22.479999542236328,18.854393005371094
2018-10-02,86.2300033569336,56.16581726074219,22.479999542236328,18.854393005371094
2018-10-03,86.0,56.016021728515625,22.540000915527344,18.904720306396484
2018-10-04,85.68000030517578,55.80760955810547,22.6299991607666,18.980207443237305
2018-10-05,85.30000305175781,55.560062408447266,22.729999542236328,19.064077377319336
2018-10-08,85.11000061035156,55.43634796142578,22.780000686645508,19.10601043701172
2018-10-09,85.23999786376953,55.52101516723633,22.75,19.08085060119629
2018-10-10,84.62999725341797,55.123661041259766,22.90999984741211,19.215049743652344
2018-10-11,84.69999694824219,55.169273376464844,22.850000381469727,19.164724349975586
2018-10-12,85.1500015258789,55.46240234375,22.770000457763672,19.097625732421875
2018-10-15,85.08999633789062,55.42330551147461,22.790000915527344,19.11440086364746
2018-10-16,85.37999725341797,55.61216735839844,22.709999084472656,19.047300338745117
2018-10-17,85.20999908447266,55.50145721435547,22.729999542236328,19.064077377319336
2018-10-18,84.8499984741211,55.26697540283203,22.850000381469727,19.164724349975586
2018-10-19,84.9000015258789,55.29954147338867,22.84000015258789,19.156333923339844
2018-10-22,84.94000244140625,55.32559585571289,22.829999923706055,19.147953033447266
2018-10-23,84.86000061035156,55.27348709106445,22.860000610351562,19.173112869262695
2018-10-24,84.44000244140625,54.99993896484375,22.969999313354492,19.265369415283203
2018-10-25,84.61000061035156,55.11064529418945,22.920000076293945,19.223432540893555
2018-10-26,84.2300033569336,54.86311721801758,23.010000228881836,19.298917770385742
2018-10-29,84.1500015258789,54.8110237121582,23.040000915527344,19.324079513549805
2018-10-30,84.3499984741211,54.941287994384766,23.0,19.29053497314453
2018-10-31,84.3499984741211,54.941287994384766,22.989999771118164,19.282142639160156
2018-11-01,84.31999969482422,55.19330596923828,22.889999389648438,19.198274612426758
2018-11-02,84.2699966430664,55.16059494018555,22.940000534057617,19.240211486816406
2018-11-05,84.33999633789062,55.2064094543457,22.8799991607666,19.189884185791016
2018-11-06,84.55999755859375,55.35039520263672,22.850000381469727,19.164724349975586
2018-11-07,85.05000305175781,55.671146392822266,22.709999084472656,19.047300338745117
2018-11-08,84.83999633789062,55.5337028503418,22.760000228881836,19.0892391204834
2018-11-09,84.36000061035156,55.21949005126953,22.889999389648438,19.198274612426758
2018-11-12,83.83999633789062,54.87910079956055,23.030000686645508,19.315692901611328
2018-11-13,83.69999694824219,54.787479400634766,23.059999465942383,19.34085464477539
2018-11-14,83.54000091552734,54.682769775390625,23.149999618530273,19.416336059570312
2018-11-15,83.5199966430664,54.66963577270508,23.1299991607666,19.39956283569336
2018-11-16,83.2699966430664,54.50602340698242,23.200000762939453,19.458271026611328
2018-11-19,83.01000213623047,54.3358039855957,23.260000228881836,19.50860023498535
2018-11-20,82.75,54.1656379699707,23.31999969482422,19.55891990661621
2018-11-21,83.16999816894531,54.44053268432617,23.219999313354492,19.475046157836914
2018-11-23,82.70999908447266,54.13945388793945,23.34000015258789,19.57569694519043
2018-11-26,83.0999984741211,54.394691467285156,23.219999313354492,19.475046157836914
2018-11-27,83.05999755859375,54.36855697631836,23.260000228881836,19.50860023498535
2018-11-28,83.75,54.8202018737793,23.040000915527344,19.324079513549805
2018-11-29,83.7699966430664,54.83330535888672,23.06999969482422,19.349239349365234
2018-11-30,83.5999984741211,54.72203826904297,23.110000610351562,19.382787704467773
2018-12-03,83.80000305175781,55.10075759887695,22.979999542236328,19.27375602722168
2018-12-04,83.27999877929688,54.75882339477539,23.1200008392334,19.391178131103516
2018-12-06,82.98999786376953,54.56816482543945,23.1299991607666,19.39956283569336
2018-12-07,82.83000183105469,54.46294021606445,23.219999313354492,19.475046157836914
2018-12-10,82.88999938964844,54.502403259277344,23.209999084472656,19.466663360595703
2018-12-11,83.04000091552734,54.60102462768555,23.15999984741211,19.424724578857422
2018-12-12,83.30999755859375,54.778568267822266,23.079999923706055,19.35763168334961
2018-12-13,83.51000213623047,54.91006088256836,23.010000228881836,19.298917770385742
2018-12-14,83.16000366210938,54.67993927001953,23.1299991607666,19.39956283569336
2018-12-17,82.62000274658203,54.324859619140625,23.270000457763672,19.516984939575195
2018-12-18,82.08000183105469,54.2264289855957,23.309999465942383,19.550535202026367
2018-12-19,81.33999633789062,53.737548828125,23.549999237060547,19.751827239990234
2018-12-20,80.62999725341797,53.26847457885742,23.739999771118164,19.911182403564453
2018-12-21,80.2300033569336,53.00422286987305,23.8700008392334,20.020221710205078
2018-12-24,79.62999725341797,52.607818603515625,24.1200008392334,20.229896545410156
2018-12-26,80.97000122070312,53.493072509765625,23.56999969482422,19.827787399291992
2018-12-27,80.91999816894531,53.46009063720703,23.600000381469727,19.853025436401367
2018-12-28,81.04000091552734,53.539344787597656,23.540000915527344,19.80255126953125
2018-12-31,81.0999984741211,53.579002380371094,23.520000457763672,19.785724639892578
2019-01-02,80.98999786376953,53.50632095336914,23.600000381469727,19.853025436401367
2019-01-03,81.02999877929688,53.532718658447266,23.59000015258789,19.844615936279297
2019-01-04,82.38999938964844,54.43122100830078,23.170000076293945,19.49129867553711
2019-01-07,83.19000244140625,54.959739685058594,22.950000762939453,19.306228637695312
2019-01-08,83.7300033569336,55.31650924682617,22.799999237060547,19.180042266845703
2019-01-09,83.83000183105469,55.3825798034668,22.770000457763672,19.154804229736328
2019-01-10,84.16000366210938,55.60061264038086,22.709999084472656,19.10433006286621
2019-01-11,83.88999938964844,55.422203063964844,22.780000686645508,19.16321563720703
2019-01-14,83.62000274658203,55.24384307861328,22.850000381469727,19.22210121154785
2019-01-15,83.9000015258789,55.42881774902344,22.729999542236328,19.121156692504883
2019-01-16,84.02999877929688,55.514705657958984,22.690000534057617,19.087505340576172
2019-01-17,84.26000213623047,55.66663360595703,22.649999618530273,19.053857803344727
2019-01-18,84.5,55.82522201538086,22.56999969482422,18.98655891418457
2019-01-22,83.94000244140625,55.455230712890625,22.739999771118164,19.129568099975586
2019-01-23,84.11000061035156,55.567543029785156,22.68000030517578,19.07909393310547
2019-01-24,84.19999694824219,55.627017974853516,22.65999984741211,19.062265396118164
2019-01-25,84.41000366210938,55.765743255615234,22.6200008392334,19.028623580932617
2019-01-28,84.27999877929688,55.67987823486328,22.65999984741211,19.062265396118164
2019-01-29,84.2300033569336,55.64683151245117,22.68000030517578,19.07909393310547
2019-01-30,84.9000015258789,56.089473724365234,22.510000228881836,18.936084747314453
2019-01-31,85.11000061035156,56.228214263916016,22.469999313354492,18.902433395385742
2019-02-01,84.68000030517578,56.20102310180664,22.440000534057617,18.877201080322266
2019-02-04,84.87999725341797,56.33372497558594,22.3799991607666,18.82672119140625
2019-02-05,85.18000030517578,56.53285598754883,22.329999923706055,18.784666061401367
2019-02-06,85.0999984741211,56.47975158691406,22.360000610351562,18.80990219116211
2019-02-07,84.80999755859375,56.28726577758789,22.399999618530273,18.84354591369629
2019-02-08,84.79000091552734,56.2740364074707,22.420000076293945,18.860374450683594
2019-02-11,84.83000183105469,56.30055236816406,22.399999618530273,18.84354591369629
2019-02-12,85.23999786376953,56.572654724121094,22.299999237060547,18.759418487548828
2019-02-13,85.12000274658203,56.49300003051758,22.34000015258789,18.793073654174805
2019-02-14,85.12999725341797,56.499637603759766,22.329999923706055,18.784666061401367
2019-02-15,85.4000015258789,56.678836822509766,22.270000457763672,18.73419189453125
2019-02-19,85.43000030517578,56.69876480102539,22.280000686645508,18.74260139465332
2019-02-20,85.5,56.745208740234375,22.25,18.71735954284668
2019-02-21,85.41999816894531,56.692134857177734,22.280000686645508,18.74260139465332
2019-02-22,85.58999633789062,56.8049201965332,22.280000686645508,18.74260139465332
2019-02-25,85.66000366210938,56.851417541503906,22.229999542236328,18.700538635253906
2019-02-26,85.7699966430664,56.92439270019531,22.190000534057617,18.66689109802246
2019-02-27,85.80000305175781,56.94432830810547,22.190000534057617,18.66689109802246
2019-02-28,85.75,56.91115188598633,22.200000762939453,18.675304412841797
2019-03-01,85.61000061035156,57.072479248046875,22.1200008392334,18.60800552368164
2019-03-04,85.4800033569336,56.98582458496094,22.18000030517578,18.658479690551758
2019-03-05,85.44000244140625,56.95914077758789,22.190000534057617,18.66689109802246
2019-03-06,85.30000305175781,56.86581802368164,22.229999542236328,18.700538635253906
2019-03-07,85.23999786376953,56.8258171081543,22.25,18.71735954284668
2019-03-08,85.0999984741211,56.73248291015625,22.299999237060547,18.759418487548828
2019-03-11,85.37999725341797,56.91914749145508,22.25,18.71735954284668
2019-03-12,85.52999877929688,57.01914978027344,22.190000534057617,18.66689109802246
2019-03-13,85.76000213623047,57.172462463378906,22.1200008392334,18.60800552368164
2019-03-14,85.69999694824219,57.132469177246094,22.1299991607666,18.616416931152344
2019-03-15,85.77999877929688,57.185791015625,22.139999389648438,18.624828338623047
2019-03-18,85.75,57.16578674316406,22.1200008392334,18.60800552368164
2019-03-19,85.80000305175781,57.19913101196289,22.100000381469727,18.5911808013916
2019-03-20,86.16999816894531,57.44580078125,21.950000762939453,18.51190185546875
2019-03-21,86.1500015258789,57.43244934082031,21.959999084472656,18.52033233642578
2019-03-22,85.83999633789062,57.22581481933594,22.030000686645508,18.579370498657227
2019-03-25,85.80999755859375,57.205810546875,22.030000686645508,18.579370498657227
2019-03-26,86.0199966430664,57.34583282470703,21.989999771118164,18.545637130737305
2019-03-27,86.08000183105469,57.385799407958984,21.979999542236328,18.53720474243164
2019-03-28,86.25,57.499107360839844,21.93000030517578,18.495033264160156
2019-03-29,86.47000122070312,57.645809173583984,21.889999389648438,18.461299896240234
2019-04-01,86.06999969482422,57.63176727294922,21.860000610351562,18.436002731323242
2019-04-02,86.11000061035156,57.658538818359375,21.850000381469727,18.42756462097168
2019-04-03,86.13999938964844,57.67857360839844,21.8700008392334,18.44443130493164
2019-04-04,86.2699966430664,57.76564025878906,21.829999923706055,18.41069984436035
2019-04-05,86.43000030517578,57.872772216796875,21.799999237060547,18.385398864746094
2019-04-08,86.37999725341797,57.83931350708008,21.809999465942383,18.39383316040039
2019-04-09,86.31999969482422,57.79914093017578,21.829999923706055,18.41069984436035
2019-04-10,86.69999694824219,58.0535888671875,21.739999771118164,18.334800720214844
2019-04-11,86.83000183105469,58.1406364440918,21.739999771118164,18.334800720214844
2019-04-12,86.95999908447266,58.227664947509766,21.700000762939453,18.301061630249023
2019-04-15,86.9000015258789,58.18749237060547,21.719999313354492,18.317930221557617
2019-04-16,86.8499984741211,58.154029846191406,21.719999313354492,18.317930221557617
2019-04-17,86.63999938964844,58.013404846191406,21.770000457763672,18.36009979248047
2019-04-18,86.68000030517578,58.04020309448242,21.760000228881836,18.351661682128906
2019-04-22,86.52999877929688,57.93976593017578,21.780000686645508,18.368532180786133
2019-04-23,86.83000183105469,58.1406364440918,21.700000762939453,18.301061630249023
2019-04-24,86.70999908447266,58.06028747558594,21.75,18.34322738647461
2019-04-25,86.75,58.087059020996094,21.739999771118164,18.334800720214844
2019-04-26,86.97000122070312,58.2343864440918,21.700000762939453,18.301061630249023
2019-04-29,86.93000030517578,58.20759963989258,21.709999084472656,18.30949592590332
2019-04-30,86.94000244140625,58.21427536010742,21.719999313354492,18.317930221557617
2019-05-01,86.29000091552734,58.02330017089844,21.780000686645508,18.368532180786133
2019-05-02,86.3499984741211,58.063663482666016,21.760000228881836,18.351661682128906
2019-05-03,86.56999969482422,58.211578369140625,21.719999313354492,18.317930221557617
2019-05-06,86.61000061035156,58.238487243652344,21.700000762939453,18.301061630249023
2019-05-07,86.08999633789062,57.888824462890625,21.81999969482422,18.402267456054688
2019-05-08,86.12000274658203,57.90901565551758,21.81999969482422,18.402267456054688
2019-05-09,85.98999786376953,57.821624755859375,21.8799991607666,18.45286750793457
2019-05-10,86.2300033569336,57.98297119140625,21.809999465942383,18.39383316040039
2019-05-13,85.44000244140625,57.45176315307617,22.030000686645508,18.579370498657227
2019-05-14,85.62999725341797,57.57950973510742,22.0,18.5540714263916
2019-05-15,85.70999908447266,57.63331985473633,21.93000030517578,18.495033264160156
2019-05-16,85.97000122070312,57.808143615722656,21.8799991607666,18.45286750793457
2019-05-17,85.94000244140625,57.78798294067383,21.90999984741211,18.478164672851562
2019-05-20,85.86000061035156,57.734169006347656,21.93000030517578,18.495033264160156
2019-05-21,86.12999725341797,57.915733337402344,21.8799991607666,18.45286750793457
2019-05-22,86.19999694824219,57.962806701660156,21.8799991607666,18.45286750793457
2019-05-23,85.7699966430664,57.67361831665039,21.959999084472656,18.52033233642578
2019-05-24,85.6500015258789,57.59296798706055,21.989999771118164,18.545637130737305
2019-05-28,85.56999969482422,57.5391731262207,22.049999237060547,18.596242904663086
2019-05-29,85.33999633789062,57.3845100402832,22.049999237060547,18.596242904663086
2019-05-30,85.5199966430664,57.505550384521484,21.979999542236328,18.53720474243164
2019-05-31,84.9000015258789,57.088653564453125,22.149999618530273,18.680583953857422
2019-06-03,84.6500015258789,57.180511474609375,22.139999389648438,18.672142028808594
2019-06-04,85.5,57.754676818847656,21.920000076293945,18.486597061157227
2019-06-05,85.69999694824219,57.8897819519043,21.850000381469727,18.42756462097168
2019-06-06,85.87999725341797,58.011383056640625,21.809999465942383,18.39383316040039
2019-06-07,86.0999984741211,58.15999221801758,21.75,18.34322738647461
2019-06-10,86.2300033569336,58.24778747558594,21.719999313354492,18.317930221557617
2019-06-11,86.3499984741211,58.328861236572266,21.719999313354492,18.317930221557617
2019-06-12,86.1500015258789,58.193756103515625,21.760000228881836,18.351661682128906
2019-06-13,86.3499984741211,58.328861236572266,21.709999084472656,18.30949592590332
2019-06-14,86.29000091552734,58.28834533691406,21.729999542236328,18.32636260986328
2019-06-17,86.16000366210938,58.200496673583984,21.770000457763672,18.36009979248047
2019-06-18,86.76000213623047,58.605796813964844,21.600000381469727,18.216726303100586
2019-06-19,87.16999816894531,58.88276290893555,21.510000228881836,18.14082145690918
2019-06-20,87.61000061035156,59.17998123168945,21.399999618530273,18.048049926757812
2019-06-21,87.33000183105469,58.9908447265625,21.440000534057617,18.081787109375
2019-06-24,87.31999969482422,58.98410415649414,21.450000762939453,18.090219497680664
2019-06-25,86.94999694824219,58.734130859375,21.479999542236328,18.179080963134766
2019-06-26,86.91000366210938,58.70711898803711,21.489999771118164,18.18754768371582
2019-06-27,87.1500015258789,58.869232177734375,21.43000030517578,18.13677215576172
2019-06-28,87.18000030517578,58.88949966430664,21.420000076293945,18.12830924987793
2019-07-01,86.81999969482422,58.90716552734375,21.420000076293945,18.12830924987793
2019-07-02,87.01000213623047,59.03607940673828,21.3700008392334,18.085988998413086
2019-07-03,87.33999633789062,59.25996398925781,21.299999237060547,18.026744842529297
2019-07-05,86.98999786376953,59.02250289916992,21.3799991607666,18.094451904296875
2019-07-08,86.81999969482422,58.90716552734375,21.43000030517578,18.13677215576172
2019-07-09,86.72000122070312,58.83930969238281,21.459999084472656,18.162151336669922
2019-07-10,86.95999908447266,59.00212860107422,21.399999618530273,18.111377716064453
2019-07-11,86.79000091552734,58.88681411743164,21.440000534057617,18.145233154296875
2019-07-12,86.93000030517578,58.98178482055664,21.40999984741211,18.119842529296875
2019-07-15,86.98999786376953,59.02250289916992,21.3799991607666,18.094451904296875
2019-07-16,86.80999755859375,58.90037536621094,21.43000030517578,18.13677215576172
2019-07-17,86.69999694824219,58.82573699951172,21.459999084472656,18.162151336669922
2019-07-18,86.73999786376953,58.852867126464844,21.459999084472656,18.162151336669922
2019-07-19,86.58999633789062,58.75107955932617,21.479999542236328,18.179080963134766
2019-07-22,86.87999725341797,58.94785690307617,21.43000030517578,18.13677215576172
2019-07-23,87.02999877929688,59.04963684082031,21.3700008392334,18.085988998413086
2019-07-24,87.0999984741211,59.09714126586914,21.3700008392334,18.085988998413086
2019-07-25,86.9800033569336,59.01572036743164,21.389999389648438,18.102914810180664
2019-07-26,87.16999816894531,59.144630432128906,21.3700008392334,18.085988998413086
2019-07-29,87.04000091552734,59.05643081665039,21.389999389648438,18.102914810180664
2019-07-30,87.08000183105469,59.083526611328125,21.389999389648438,18.102914810180664
2019-07-31,86.93000030517578,58.98178482055664,21.420000076293945,18.12830924987793
2019-08-01,86.5199966430664,58.95249557495117,21.420000076293945,18.12830924987793
2019-08-02,86.38999938964844,58.86391830444336,21.479999542236328,18.179080963134766
2019-08-05,85.48999786376953,58.250667572021484,21.719999313354492,18.382204055786133
2019-08-06,86.04000091552734,58.625431060791016,21.549999237060547,18.238325119018555
2019-08-07,86.02999877929688,58.61861038208008,21.559999465942383,18.246793746948242
2019-08-08,86.37000274658203,58.85026931762695,21.510000228881836,18.2044734954834
2019-08-09,86.25,58.76850128173828,21.520000457763672,18.212940216064453
2019-08-12,85.94999694824219,58.56410598754883,21.59000015258789,18.272180557250977
2019-08-13,86.33000183105469,58.82304763793945,21.5,18.196012496948242
2019-08-14,85.55999755859375,58.298362731933594,21.68000030517578,18.348350524902344
2019-08-15,85.80999755859375,58.46873092651367,21.610000610351562,18.289106369018555
2019-08-16,86.0999984741211,58.666324615478516,21.579999923706055,18.263715744018555
2019-08-19,86.3499984741211,58.836669921875,21.469999313354492,18.170621871948242
2019-08-20,86.41999816894531,58.884368896484375,21.469999313354492,18.170621871948242
2019-08-21,86.79000091552734,59.136444091796875,21.3799991607666,18.094451904296875
2019-08-22,86.94999694824219,59.24546813964844,21.329999923706055,18.05213737487793
2019-08-23,86.55000305175781,58.972923278808594,21.450000762939453,18.15369415283203
2019-08-26,86.9800033569336,59.26592254638672,21.360000610351562,18.07752227783203
2019-08-27,86.94000244140625,59.23865509033203,21.3799991607666,18.094451904296875
2019-08-28,87.1500015258789,59.38176345825195,21.309999465942383,18.03521156311035
2019-08-29,87.23999786376953,59.443058013916016,21.270000457763672,18.001358032226562
2019-08-30,87.16000366210938,59.38857650756836,21.309999465942383,18.03521156311035
2019-09-03,86.54000091552734,59.218204498291016,21.3799991607666,18.094451904296875
2019-09-04,86.72000122070312,59.34135818481445,21.329999923706055,18.05213737487793
2019-09-05,87.05999755859375,59.57401657104492,21.200000762939453,17.94211196899414
2019-09-06,87.13999938964844,59.628780364990234,21.18000030517578,17.925186157226562
2019-09-09,87.2300033569336,59.690345764160156,21.149999618530273,17.899797439575195
2019-09-10,87.27999877929688,59.72454833984375,21.15999984741211,17.908260345458984
2019-09-11,87.2699966430664,59.717708587646484,21.149999618530273,17.899797439575195
2019-09-12,87.31999969482422,59.75193405151367,21.139999389648438,17.891332626342773
2019-09-13,87.16000366210938,59.642452239990234,21.18000030517578,17.925186157226562
2019-09-16,87.47000122070312,59.85456085205078,21.110000610351562,17.86594009399414
2019-09-17,87.5199966430664,59.88876724243164,21.100000381469727,17.85748291015625
2019-09-18,87.47000122070312,59.85456085205078,21.1299991607666,17.88287353515625
2019-09-19,87.37000274658203,59.78614807128906,21.149999618530273,17.899797439575195
2019-09-20,87.4800033569336,59.861392974853516,21.139999389648438,17.891332626342773
2019-09-23,87.44000244140625,59.83404541015625,21.139999389648438,17.891332626342773
2019-09-24,87.31999969482422,59.75193405151367,21.18000030517578,17.925186157226562
2019-09-25,87.2300033569336,59.690345764160156,21.100000381469727,17.915847778320312
2019-09-26,87.16999816894531,59.6492919921875,21.1299991607666,17.941320419311523
2019-09-27,87.06999969482422,59.58085632324219,21.149999618530273,17.95829963684082
2019-09-30,87.16999816894531,59.6492919921875,21.1299991607666,17.941320419311523
2019-10-01,86.62000274658203,59.511871337890625,21.190000534057617,17.99226188659668
2019-10-02,86.11000061035156,59.1614875793457,21.329999923706055,18.11113739013672
2019-10-03,86.16000366210938,59.19583511352539,21.31999969482422,18.10264778137207
2019-10-04,86.43000030517578,59.38131332397461,21.229999542236328,18.02623176574707
2019-10-07,86.36000061035156,59.33327102661133,21.260000228881836,18.05170249938965
2019-10-08,86.04000091552734,59.11338806152344,21.31999969482422,18.10264778137207
2019-10-09,86.30000305175781,59.292022705078125,21.260000228881836,18.05170249938965
2019-10-10,86.41000366210938,59.36759948730469,21.239999771118164,18.03472328186035
2019-10-11,86.7699966430664,59.614933013916016,21.15999984741211,17.966793060302734
2019-10-14,86.83000183105469,59.65616226196289,21.1299991607666,17.941320419311523
2019-10-15,87.0199966430664,59.786678314208984,21.09000015258789,17.907358169555664
2019-10-16,86.94999694824219,59.73858642578125,21.09000015258789,17.907358169555664
2019-10-17,87.06999969482422,59.821044921875,21.06999969482422,17.89037322998047
2019-10-18,87.08999633789062,59.834774017333984,21.06999969482422,17.89037322998047
2019-10-21,87.12000274658203,59.85539245605469,21.049999237060547,17.873394012451172
2019-10-22,87.13999938964844,59.86915969848633,21.049999237060547,17.873394012451172
2019-10-23,87.22000122070312,59.924102783203125,21.040000915527344,17.864900588989258
2019-10-24,87.31999969482422,59.992820739746094,21.020000457763672,17.847919464111328
2019-10-25,87.38999938964844,60.04087829589844,21.0,17.830936431884766
2019-10-28,87.37999725341797,60.034027099609375,20.989999771118164,17.82244873046875
2019-10-29,87.22000122070312,59.924102783203125,21.030000686645508,17.85641098022461
2019-10-30,87.11000061035156,59.848541259765625,21.059999465942383,17.88188362121582
2019-10-31,86.80999755859375,59.642417907714844,21.1200008392334,17.932828903198242
2019-11-01,86.81999969482422,59.898372650146484,21.049999237060547,17.873394012451172
2019-11-04,87.0,60.02254867553711,21.010000228881836,17.839427947998047
2019-11-05,86.91000366210938,59.96047592163086,21.049999237060547,17.873394012451172
2019-11-06,86.80999755859375,59.891483306884766,21.06999969482422,17.89037322998047
2019-11-07,86.7699966430664,59.86385726928711,21.079999923706055,17.89886474609375
2019-11-08,86.8499984741211,59.91908264160156,21.059999465942383,17.88188362121582
2019-11-11,86.80000305175781,59.88454818725586,21.049999237060547,17.873394012451172
2019-11-12,86.81999969482422,59.898372650146484,21.06999969482422,17.89037322998047
2019-11-13,86.7300033569336,59.83626937866211,21.09000015258789,17.907358169555664
2019-11-14,86.68000030517578,59.80179977416992,21.09000015258789,17.907358169555664
2019-11-15,86.94000244140625,59.98114776611328,21.040000915527344,17.864900588989258
2019-11-18,86.83000183105469,59.90525436401367,21.06999969482422,17.89037322998047
2019-11-19,86.5199966430664,59.6913948059082,21.1299991607666,17.941320419311523
2019-11-20,86.33999633789062,59.567222595214844,21.18000030517578,17.9837703704834
2019-11-21,86.36000061035156,59.58100509643555,21.18000030517578,17.9837703704834
2019-11-22,86.69000244140625,59.80868911743164,21.1299991607666,17.941320419311523
2019-11-25,86.91999816894531,59.96736145019531,21.06999969482422,17.89037322998047
2019-11-26,87.0199966430664,60.03634262084961,21.040000915527344,17.864900588989258
2019-11-27,87.12999725341797,60.11223220825195,21.010000228881836,17.839427947998047
2019-11-29,86.94000244140625,59.98114776611328,21.010000228881836,17.839427947998047
2019-12-02,86.54000091552734,59.94029998779297,21.059999465942383,17.88188362121582
2019-12-03,86.41999816894531,59.857208251953125,21.079999923706055,17.89886474609375
2019-12-04,86.68000030517578,60.037269592285156,21.020000457763672,17.847919464111328
2019-12-05,86.80999755859375,60.1273193359375,21.0,17.830936431884766
2019-12-06,86.93000030517578,60.210411071777344,20.969999313354492,17.80546760559082
2019-12-09,86.93000030517578,60.210411071777344,20.950000762939453,17.788482666015625
2019-12-10,87.13999938964844,60.35590362548828,20.899999618530273,17.746028900146484
2019-12-11,87.31999969482422,60.480567932128906,20.8700008392334,17.72056007385254
2019-12-12,87.5199966430664,60.61905288696289,20.799999237060547,17.66111946105957
2019-12-13,87.61000061035156,60.68141174316406,20.780000686645508,17.644140243530273
2019-12-16,87.77999877929688,60.79915237426758,20.75,17.618663787841797
2019-12-17,88.05000305175781,60.986167907714844,20.700000762939453,17.57621192932129
2019-12-18,88.20999908447266,61.096988677978516,20.649999618530273,17.533756256103516
2019-12-19,87.8499984741211,61.06501007080078,20.649999618530273,17.533756256103516
2019-12-20,87.72000122070312,60.97464370727539,20.670000076293945,17.55074119567871
2019-12-23,87.76000213623047,61.00247573852539,20.68000030517578,17.559228897094727
2019-12-24,87.83000183105469,61.05112075805664,20.610000610351562,17.552417755126953
2019-12-26,87.95999908447266,61.141456604003906,20.579999923706055,17.52686309814453
2019-12-27,87.91999816894531,61.11369323730469,20.56999969482422,17.518346786499023
2019-12-30,87.86000061035156,61.07198715209961,20.610000610351562,17.552417755126953
2019-12-31,87.94000244140625,61.1275634765625,20.579999923706055,17.52686309814453
2020-01-02,88.30999755859375,61.384769439697266,20.479999542236328,17.441699981689453
2020-01-03,88.22000122070312,61.322166442871094,20.520000457763672,17.47576904296875
2020-01-06,88.12999725341797,61.259639739990234,20.540000915527344,17.492799758911133
2020-01-07,88.05000305175781,61.20404052734375,20.59000015258789,17.535381317138672
2020-01-08,88.12999725341797,61.259639739990234,20.59000015258789,17.535381317138672
2020-01-09,88.36000061035156,61.419525146484375,20.5,17.45873260498047
2020-01-10,88.38999938964844,61.44035720825195,20.489999771118164,17.450218200683594
2020-01-13,88.38999938964844,61.44035720825195,20.5,17.45873260498047
2020-01-14,88.37999725341797,61.43344497680664,20.5,17.45873260498047
2020-01-15,88.4000015258789,61.44731140136719,20.5,17.45873260498047
2020-01-16,88.43000030517578,61.46821212768555,20.479999542236328,17.441699981689453
2020-01-17,88.36000061035156,61.419525146484375,20.5,17.45873260498047
2020-01-21,88.16999816894531,61.28742980957031,20.559999465942383,17.509838104248047
2020-01-22,88.33000183105469,61.39865493774414,20.540000915527344,17.492799758911133
2020-01-23,88.05999755859375,61.210994720458984,20.600000381469727,17.543899536132812
2020-01-24,87.69000244140625,60.953826904296875,20.68000030517578,17.612030029296875
2020-01-27,87.0999984741211,60.54368209838867,20.799999237060547,17.71422576904297
2020-01-28,87.8499984741211,61.06501007080078,20.639999389648438,17.577964782714844
2020-01-29,87.80000305175781,61.03025817871094,20.649999618530273,17.58648109436035
2020-01-30,87.88999938964844,61.09281539916992,20.610000610351562,17.552417755126953
2020-01-31,87.52999877929688,60.84257507324219,20.709999084472656,17.63758087158203
2020-02-03,87.1500015258789,60.83281707763672,20.700000762939453,17.62906837463379
2020-02-04,87.66999816894531,61.19577407836914,20.579999923706055,17.52686309814453
2020-02-05,88.02999877929688,61.44706344604492,20.489999771118164,17.450218200683594
2020-02-06,88.0999984741211,61.49595260620117,20.450000762939453,17.41615104675293
2020-02-07,87.97000122070312,61.40516662597656,20.510000228881836,17.467252731323242
2020-02-10,88.08999633789062,61.48894500732422,20.450000762939453,17.41615104675293
2020-02-11,88.1500015258789,61.53084945678711,20.420000076293945,17.390600204467773
2020-02-12,88.37999725341797,61.69139862060547,20.3700008392334,17.3480167388916
2020-02-13,88.41000366210938,61.712337493896484,20.350000381469727,17.33098793029785
2020-02-14,88.4000015258789,61.7053337097168,20.350000381469727,17.33098793029785
2020-02-18,88.22000122070312,61.57967758178711,20.399999618530273,17.37356948852539
2020-02-19,88.26000213623047,61.607635498046875,20.389999389648438,17.36505126953125
2020-02-20,88.41000366210938,61.712337493896484,20.360000610351562,17.339500427246094
2020-02-21,88.33000183105469,61.656494140625,20.3799991607666,17.356538772583008
2020-02-24,87.37999725341797,60.99333190917969,20.59000015258789,17.535381317138672
2020-02-25,86.7699966430664,60.56755447387695,20.739999771118164,17.663129806518555
2020-02-26,86.86000061035156,60.63041305541992,20.719999313354492,17.646093368530273
2020-02-27,85.69000244140625,59.81367492675781,21.040000915527344,17.91861915588379
2020-02-28,86.04000091552734,60.0579948425293,20.979999542236328,17.867523193359375
2020-03-02,86.30999755859375,60.51374435424805,20.780000686645508,17.69719886779785
2020-03-03,85.94000244140625,60.25429916381836,20.8700008392334,17.773847579956055
2020-03-04,87.12000274658203,61.081626892089844,20.6200008392334,17.56093406677246
2020-03-05,86.0199966430664,60.31039810180664,20.950000762939453,17.84197235107422
2020-03-06,85.05000305175781,59.63032150268555,21.170000076293945,18.02933692932129
2020-03-09,81.38999938964844,57.064205169677734,22.020000457763672,18.75323486328125
2020-03-10,82.63999938964844,57.94060134887695,21.639999389648438,18.429607391357422
2020-03-11,80.83999633789062,56.67862319946289,22.239999771118164,18.940603256225586
2020-03-12,77.61000061035156,54.413970947265625,23.06999969482422,19.647457122802734
2020-03-13,80.05000305175781,56.124732971191406,22.270000457763672,18.966148376464844
2020-03-16,75.6500015258789,53.0397834777832,23.709999084472656,20.19251251220703
2020-03-17,76.36000061035156,53.537567138671875,23.299999237060547,19.843341827392578
2020-03-18,72.98999786376953,51.1748046875,24.3799991607666,20.763118743896484
2020-03-19,71.3499984741211,50.024959564208984,24.899999618530273,21.205976486206055
2020-03-20,69.75,48.90317153930664,25.40999984741211,21.640316009521484
2020-03-23,68.62999725341797,48.11791229248047,25.899999618530273,22.0576171875
2020-03-24,71.45999908447266,50.10207748413086,24.719999313354492,21.05267906188965
2020-03-25,73.47000122070312,51.51136779785156,24.059999465942383,20.501373291015625
2020-03-26,76.83000183105469,53.867103576660156,22.959999084472656,19.564069747924805
2020-03-27,77.02999877929688,54.00734329223633,22.93000030517578,19.538509368896484
2020-03-30,77.69000244140625,54.47006607055664,22.719999313354492,19.35956573486328
2020-03-31,77.06999969482422,54.03538131713867,22.899999618530273,19.512943267822266
2020-04-01,74.58000183105469,52.5521240234375,23.5,20.024200439453125
2020-04-02,75.16000366210938,52.96082305908203,23.31999969482422,19.870824813842773
2020-04-03,73.55000305175781,51.82632827758789,23.799999237060547,20.279827117919922
2020-04-06,75.33999633789062,53.0876350402832,23.229999542236328,19.79413604736328
2020-04-07,75.33999633789062,53.0876350402832,23.190000534057617,19.760053634643555
2020-04-08,77.30000305175781,54.4687385559082,22.610000610351562,19.265840530395508
2020-04-09,82.36000061035156,58.03419876098633,20.979999542236328,17.876922607421875
2020-04-13,81.18000030517578,57.20273971557617,21.40999984741211,18.24332046508789
2020-04-14,81.5199966430664,57.44228744506836,21.309999465942383,18.15811538696289
2020-04-15,80.76000213623047,56.90679168701172,21.559999465942383,18.371137619018555
2020-04-16,80.68000030517578,56.85042190551758,21.56999969482422,18.379655838012695
2020-04-17,81.08999633789062,57.139312744140625,21.440000534057617,18.268888473510742
2020-04-20,79.87000274658203,56.27964782714844,21.799999237060547,18.575637817382812
2020-04-21,78.41000366210938,55.25086975097656,22.170000076293945,18.890914916992188
2020-04-22,79.0999984741211,55.737064361572266,21.950000762939453,18.703458786010742
2020-04-23,79.05999755859375,55.70889663696289,21.979999542236328,18.729019165039062
2020-04-24,78.31999969482422,55.18748474121094,22.170000076293945,18.890914916992188
2020-04-27,78.63999938964844,55.41292953491211,22.079999923706055,18.814224243164062
2020-04-28,78.87999725341797,55.58207702636719,22.020000457763672,18.763105392456055
2020-04-29,80.2699966430664,56.56150436401367,21.649999618530273,18.44782829284668
2020-04-30,80.43000030517578,56.67424392700195,21.59000015258789,18.396705627441406
2020-05-01,78.68000030517578,55.696651458740234,21.940000534057617,18.694936752319336
2020-05-04,78.56999969482422,55.61875915527344,21.989999771118164,18.7375431060791
2020-05-05,79.25,56.10015106201172,21.790000915527344,18.567121505737305
2020-05-06,78.80000305175781,55.7816047668457,21.90999984741211,18.66937255859375
2020-05-07,79.0,55.92317581176758,21.84000015258789,18.609725952148438
2020-05-08,79.75,56.454078674316406,21.639999389648438,18.439306259155273
2020-05-11,79.38999938964844,56.199283599853516,21.719999313354492,18.50747299194336
2020-05-12,79.29000091552734,56.128482818603516,21.739999771118164,18.524513244628906
2020-05-13,78.87000274658203,55.83116912841797,21.850000381469727,18.618247985839844
2020-05-14,78.5999984741211,55.64003372192383,21.93000030517578,18.686412811279297
2020-05-15,78.70999908447266,55.717899322509766,21.90999984741211,18.66937255859375
2020-05-18,80.0999984741211,56.70186233520508,21.530000686645508,18.345577239990234
2020-05-19,80.19999694824219,56.77262878417969,21.5,18.32001495361328
2020-05-20,81.05000305175781,57.374385833740234,21.25,18.10698699951172
2020-05-21,81.02999877929688,57.36018371582031,21.260000228881836,18.115510940551758
2020-05-22,81.2300033569336,57.50178527832031,21.200000762939453,18.06438636779785
2020-05-26,81.83999633789062,57.93358612060547,21.010000228881836,17.90248680114746
2020-05-27,82.01000213623047,58.053916931152344,20.979999542236328,17.876922607421875
2020-05-28,82.08999633789062,58.11056900024414,20.959999084472656,17.859888076782227
2020-05-29,82.41999816894531,58.34415817260742,20.8700008392334,17.78319549560547
2020-06-01,82.72000122070312,58.78548812866211,20.709999084472656,17.64685821533203
2020-06-02,83.54000091552734,59.368221282958984,20.510000228881836,17.476438522338867
2020-06-03,83.93000030517578,59.645381927490234,20.399999618530273,17.382709503173828
2020-06-04,83.66999816894531,59.46062088012695,20.489999771118164,17.459402084350586
2020-06-05,84.45999908447266,60.02201461791992,20.239999771118164,17.24637794494629
2020-06-08,84.55999755859375,60.09309768676758,20.229999542236328,17.237852096557617
2020-06-09,83.9000015258789,59.62405014038086,20.420000076293945,17.399749755859375
2020-06-10,83.77999877929688,59.53877639770508,20.450000762939453,17.425317764282227
2020-06-11,81.62999725341797,58.010887145996094,20.969999313354492,17.8684024810791
2020-06-12,82.44000244140625,58.58649826049805,20.729999542236328,17.66390037536621
2020-06-15,83.23999786376953,59.15501403808594,20.540000915527344,17.502004623413086
2020-06-16,83.58000183105469,59.39664840698242,20.450000762939453,17.425317764282227
2020-06-17,83.19000244140625,59.1194953918457,20.549999237060547,17.51052474975586
2020-06-18,83.16000366210938,59.0981559753418,20.56999969482422,17.527565002441406
2020-06-19,82.87999725341797,58.89919662475586,20.6299991607666,17.578689575195312
2020-06-22,82.81999969482422,58.85655212402344,20.6299991607666,17.578689575195312
2020-06-23,82.94000244140625,58.941829681396484,20.600000381469727,17.553129196166992
2020-06-24,82.08999633789062,58.33775329589844,20.81999969482422,17.74058723449707
2020-06-25,82.12000274658203,58.35912322998047,20.799999237060547,17.723548889160156
2020-06-26,81.33999633789062,57.80477523803711,21.0,17.893964767456055
2020-06-29,80.87999725341797,57.47791290283203,21.1200008392334,17.996219635009766
2020-06-30,81.62000274658203,58.00375747680664,20.90999984741211,17.817276000976562
2020-07-01,81.52999877929688,58.184326171875,20.84000015258789,17.75763702392578
2020-07-02,82.12999725341797,58.612510681152344,20.709999084472656,17.64685821533203
2020-07-06,82.72000122070312,59.033565521240234,20.530000686645508,17.493488311767578
2020-07-07,82.16999816894531,58.64106369018555,20.670000076293945,17.61277961730957
2020-07-08,82.38999938964844,58.79804229736328,20.610000610351562,17.561649322509766
2020-07-09,82.20999908447266,58.669586181640625,20.690000534057617,17.62982177734375
2020-07-10,82.48999786376953,58.86943054199219,20.579999923706055,17.53608512878418
2020-07-13,82.04000091552734,58.54829406738281,20.68000030517578,17.621294021606445
2020-07-14,82.73999786376953,59.04784393310547,20.510000228881836,17.476438522338867
2020-07-15,83.20999908447266,59.38327407836914,20.3700008392334,17.357149124145508
2020-07-16,83.29000091552734,59.440345764160156,20.3799991607666,17.36566734313965
2020-07-17,83.5199966430664,59.6044807434082,20.309999465942383,17.30602264404297
2020-07-20,84.0199966430664,59.9613151550293,20.190000534057617,17.20376968383789
2020-07-21,84.41000366210938,60.23966598510742,20.100000381469727,17.1270809173584
2020-07-22,84.58000183105469,60.36097717285156,20.059999465942383,17.092998504638672
2020-07-23,84.5199966430664,60.31816482543945,20.06999969482422,17.101518630981445
2020-07-24,84.5999984741211,60.375221252441406,20.040000915527344,17.075958251953125
2020-07-27,84.80000305175781,60.51797866821289,20.0,17.041873931884766
2020-07-28,84.58000183105469,60.36097717285156,20.049999237060547,17.08448028564453
2020-07-29,85.05000305175781,60.69636917114258,19.93000030517578,16.982229232788086
2020-07-30,85.2300033569336,60.82481002807617,19.889999389648438,16.948144912719727
2020-07-31,85.38999938964844,60.939029693603516,19.84000015258789,16.905536651611328
2020-08-03,85.06999969482422,60.954044342041016,19.84000015258789,16.905536651611328
2020-08-04,85.04000091552734,60.932579040527344,19.829999923706055,16.897014617919922
2020-08-05,85.19000244140625,61.04005813598633,19.809999465942383,16.879976272583008
2020-08-06,85.37999725341797,61.17620849609375,19.760000228881836,16.83736801147461
2020-08-07,85.16999816894531,61.02569580078125,19.790000915527344,16.862932205200195
2020-08-10,85.20999908447266,61.05440139770508,19.780000686645508,16.854413986206055
2020-08-11,84.44000244140625,60.50265884399414,19.969999313354492,17.016305923461914
2020-08-12,84.45999908447266,60.517005920410156,19.950000762939453,16.999267578125
2020-08-13,84.2300033569336,60.3521842956543,20.010000228881836,17.050395965576172
2020-08-14,84.08000183105469,60.244712829589844,20.040000915527344,17.075958251953125
2020-08-17,84.58000183105469,60.602996826171875,19.93000030517578,16.982229232788086
2020-08-18,84.70999908447266,60.696128845214844,19.899999618530273,16.956663131713867
2020-08-19,84.47000122070312,60.52415466308594,19.950000762939453,16.999267578125
2020-08-20,84.75,60.72478485107422,19.889999389648438,16.948144912719727
2020-08-21,84.73999786376953,60.71760940551758,19.8799991607666,16.93962287902832
2020-08-24,85.12999725341797,60.997074127197266,19.780000686645508,16.854413986206055
2020-08-25,85.22000122070312,61.06154251098633,19.770000457763672,16.84589195251465
2020-08-26,85.20999908447266,61.05440139770508,19.760000228881836,16.83736801147461
2020-08-27,85.08000183105469,60.961219787597656,19.780000686645508,16.854413986206055
2020-08-28,85.1500015258789,61.01139450073242,19.770000457763672,16.84589195251465
2020-08-31,85.02999877929688,60.925392150878906,19.799999237060547,16.87145233154297
2020-09-01,85.1500015258789,61.257049560546875,19.700000762939453,16.78624725341797
2020-09-02,85.25,61.32899856567383,19.649999618530273,16.743640899658203
2020-09-03,84.72000122070312,60.94770050048828,19.780000686645508,16.854413986206055
2020-09-04,84.48999786376953,60.78224563598633,19.81999969482422,16.88849449157715
2020-09-08,84.0199966430664,60.44414138793945,19.940000534057617,16.990747451782227
2020-09-09,84.68000030517578,60.91889953613281,19.790000915527344,16.862932205200195
2020-09-10,84.27999877929688,60.63117218017578,19.860000610351562,16.922582626342773
2020-09-11,84.44999694824219,60.753475189208984,19.84000015258789,16.905536651611328
2020-09-14,84.36000061035156,60.68873596191406,19.850000381469727,16.9140625
2020-09-15,84.58999633789062,60.85419464111328,19.809999465942383,16.879976272583008
2020-09-16,84.58999633789062,60.85419464111328,19.809999465942383,16.879976272583008
2020-09-17,84.5,60.78944778442383,19.809999465942383,16.879976272583008
2020-09-18,84.29000091552734,60.638362884521484,19.860000610351562,16.922582626342773
2020-09-21,83.61000061035156,60.14916229248047,20.020000457763672,17.058916091918945
2020-09-22,83.9000015258789,60.3577766418457,19.959999084472656,17.007789611816406
2020-09-23,83.05000305175781,59.74633026123047,20.15999984741211,17.178211212158203
2020-09-24,83.0999984741211,59.78227615356445,20.139999389648438,17.16116714477539
2020-09-25,82.94999694824219,59.67439651489258,20.170000076293945,17.18672752380371
2020-09-28,83.48999786376953,60.06287384033203,20.049999237060547,17.08448028564453
2020-09-29,83.55999755859375,60.11322784423828,20.010000228881836,17.050395965576172
2020-09-30,83.9000015258789,60.3577766418457,19.93000030517578,16.982229232788086
2020-10-01,83.83000183105469,60.565147399902344,19.860000610351562,16.922582626342773
2020-10-02,83.83000183105469,60.565147399902344,19.8700008392334,16.93109893798828
2020-10-05,84.45999908447266,61.020328521728516,19.719999313354492,16.80328369140625
2020-10-06,84.2699966430664,60.883033752441406,19.760000228881836,16.83736801147461
2020-10-07,84.56999969482422,61.09979248046875,19.68000030517578,16.769203186035156
2020-10-08,84.76000213623047,61.23705291748047,19.639999389648438,16.73512077331543
2020-10-09,84.94999694824219,61.37430953979492,19.59000015258789,16.69251251220703
2020-10-12,85.37999725341797,61.684974670410156,19.489999771118164,16.6073055267334
2020-10-13,85.0,61.41046142578125,19.56999969482422,16.67547035217285
2020-10-14,84.79000091552734,61.258724212646484,19.6200008392334,16.718074798583984
2020-10-15,84.7300033569336,61.215396881103516,19.6299991607666,16.72659683227539
2020-10-16,84.62999725341797,61.143150329589844,19.649999618530273,16.743640899658203
2020-10-19,84.33000183105469,60.92637634277344,19.709999084472656,16.794767379760742
2020-10-20,84.62999725341797,61.143150329589844,19.649999618530273,16.743640899658203
2020-10-21,84.62000274658203,61.13589859008789,19.639999389648438,16.73512077331543
2020-10-22,84.7699966430664,61.24428176879883,19.610000610351562,16.709558486938477
2020-10-23,84.87000274658203,61.3165283203125,19.59000015258789,16.69251251220703
2020-10-26,84.12000274658203,60.77467727661133,19.75,16.8288516998291
2020-10-27,84.16000366210938,60.8035774230957,19.739999771118164,16.820329666137695
2020-10-28,83.45999908447266,60.2978401184082,19.899999618530273,16.956663131713867
2020-10-29,83.69999694824219,60.471214294433594,19.850000381469727,16.9140625
2020-10-30,83.87999725341797,60.601253509521484,19.809999465942383,16.879976272583008
2020-11-02,83.72000122070312,60.74565505981445,19.760000228881836,16.83736801147461
2020-11-03,84.44000244140625,61.26810073852539,19.600000381469727,16.701034545898438
2020-11-04,85.2300033569336,61.84127426147461,19.399999618530273,16.53061294555664
2020-11-05,85.52999877929688,62.058937072753906,19.329999923706055,16.470966339111328
2020-11-06,85.2300033569336,61.84127426147461,19.389999389648438,16.522096633911133
2020-11-09,85.87999725341797,62.312923431396484,19.219999313354492,16.377241134643555
2020-11-10,85.76000213623047,62.22585678100586,19.260000228881836,16.411325454711914
2020-11-11,85.7300033569336,62.20408248901367,19.260000228881836,16.411325454711914
2020-11-12,85.1500015258789,61.78325653076172,19.399999618530273,16.53061294555664
2020-11-13,85.44000244140625,61.99366760253906,19.360000610351562,16.496532440185547
2020-11-16,85.91999816894531,62.34197235107422,19.239999771118164,16.3942813873291
2020-11-17,85.94999694824219,62.363685607910156,19.219999313354492,16.377241134643555
2020-11-18,85.79000091552734,62.247596740722656,19.25,16.402803421020508
2020-11-19,86.08000183105469,62.45802688598633,19.190000534057617,16.351675033569336
2020-11-20,85.91999816894531,62.34197235107422,19.200000762939453,16.360198974609375
2020-11-23,86.05000305175781,62.436275482177734,19.170000076293945,16.334636688232422
2020-11-24,86.30999755859375,62.62491226196289,19.110000610351562,16.283510208129883
2020-11-25,86.2699966430664,62.59589767456055,19.1299991607666,16.300548553466797
2020-11-27,86.41000366210938,62.69749450683594,19.100000381469727,16.274988174438477
2020-11-30,86.31999969482422,62.632171630859375,19.110000610351562,16.283510208129883
2020-12-01,86.19999694824219,62.793182373046875,19.06999969482422,16.249425888061523
2020-12-02,86.44000244140625,62.96797180175781,19.0,16.189781188964844
2020-12-03,86.48999786376953,63.00438690185547,18.989999771118164,16.181255340576172
2020-12-04,86.8499984741211,63.26667022705078,18.90999984741211,16.11309051513672
2020-12-07,86.80999755859375,63.237525939941406,18.920000076293945,16.12160873413086
2020-12-08,86.73999786376953,63.18654251098633,18.920000076293945,16.12160873413086
2020-12-09,86.61000061035156,63.091819763183594,18.950000762939453,16.14717674255371
2020-12-10,86.7699966430664,63.208396911621094,18.93000030517578,16.130130767822266
2020-12-11,86.68000030517578,63.14282989501953,18.93000030517578,16.130130767822266
2020-12-14,86.69999694824219,63.15738296508789,18.93000030517578,16.130130767822266
2020-12-15,86.97000122070312,63.35406494140625,18.8799991607666,16.0875301361084
2020-12-16,86.83999633789062,63.2593879699707,18.899999618530273,16.104568481445312
2020-12-17,86.61000061035156,63.35372543334961,18.860000610351562,16.07048797607422
2020-12-18,86.68000030517578,63.40494918823242,18.850000381469727,16.06196403503418
2020-12-21,86.37000274658203,63.17817687988281,18.90999984741211,16.11309051513672
2020-12-22,86.4800033569336,63.2586555480957,18.889999389648438,16.09604835510254
2020-12-23,86.87000274658203,63.543914794921875,18.809999465942383,16.02787971496582
2020-12-24,87.05000305175781,63.675601959228516,18.760000228881836,15.985274314880371
2020-12-28,87.16000366210938,63.756065368652344,18.739999771118164,15.968236923217773
2020-12-29,87.05000305175781,63.675601959228516,18.75,15.976757049560547
2020-12-30,87.2300033569336,63.80726623535156,18.700000762939453,15.934151649475098
2020-12-31,87.30000305175781,63.85844421386719,18.670000076293945,15.908588409423828
2021-01-04,87.12000274658203,63.726802825927734,18.739999771118164,15.968236923217773
2021-01-05,87.1500015258789,63.74872970581055,18.719999313354492,15.951193809509277
2021-01-06,86.98999786376953,63.6317138671875,18.770000457763672,15.993796348571777
2021-01-07,87.23999786376953,63.81455612182617,18.690000534057617,15.925634384155273
2021-01-08,87.37000274658203,63.90968704223633,18.670000076293945,15.908588409423828
2021-01-11,86.9000015258789,63.56586837768555,18.760000228881836,15.985274314880371
2021-01-12,87.01000213623047,63.64633560180664,18.739999771118164,15.968236923217773
2021-01-13,87.2699966430664,63.83652114868164,18.690000534057617,15.925634384155273
2021-01-14,87.25,63.82188415527344,18.700000762939453,15.934151649475098
2021-01-15,87.11000061035156,63.71946716308594,18.719999313354492,15.951193809509277
2021-01-19,87.36000061035156,63.90234375,18.670000076293945,15.908588409423828
2021-01-20,87.5199966430664,64.0194091796875,18.6200008392334,15.865983963012695
2021-01-21,87.47000122070312,63.98280334472656,18.639999389648438,15.88302230834961
2021-01-22,87.30000305175781,63.85844421386719,18.68000030517578,15.91711139678955
2021-01-25,87.31999969482422,63.873085021972656,18.68000030517578,15.91711139678955
2021-01-26,87.19000244140625,63.77802276611328,18.68000030517578,15.91711139678955
2021-01-27,86.94000244140625,63.59513473510742,18.729999542236328,15.959710121154785
2021-01-28,87.19999694824219,63.78531265258789,18.68000030517578,15.91711139678955
2021-01-29,86.97000122070312,63.61705780029297,18.729999542236328,15.959710121154785
2021-02-01,86.93000030517578,63.82114791870117,18.670000076293945,15.908588409423828
2021-02-02,87.13999938964844,63.97536087036133,18.6299991607666,15.874503135681152
2021-02-03,87.20999908447266,64.02674102783203,18.610000610351562,15.857462882995605
2021-02-04,87.38999938964844,64.1589126586914,18.559999465942383,15.81485652923584
2021-02-05,87.5199966430664,64.25432586669922,18.530000686645508,15.78929328918457
2021-02-08,87.77999877929688,64.44524383544922,18.469999313354492,15.738170623779297
2021-02-09,87.62000274658203,64.32777404785156,18.510000228881836,15.77225112915039
2021-02-10,87.5999984741211,64.31306457519531,18.510000228881836,15.77225112915039
2021-02-11,87.63999938964844,64.3424301147461,18.489999771118164,15.75521469116211
2021-02-12,87.77999877929688,64.44524383544922,18.469999313354492,15.738170623779297
2021-02-16,87.63999938964844,64.3424301147461,18.510000228881836,15.77225112915039
2021-02-17,87.61000061035156,64.3204116821289,18.5,15.76373291015625
2021-02-18,87.48999786376953,64.23230743408203,18.520000457763672,15.780776023864746
2021-02-19,87.5,64.23965454101562,18.520000457763672,15.780776023864746
2021-02-22,87.2300033569336,64.04143524169922,18.56999969482422,15.823378562927246
2021-02-23,87.44000244140625,64.19561004638672,18.520000457763672,15.780776023864746
2021-02-24,87.52999877929688,64.26170349121094,18.520000457763672,15.780776023864746
2021-02-25,86.69999694824219,63.652305603027344,18.709999084472656,15.94267463684082
2021-02-26,86.44000244140625,63.46143341064453,18.709999084472656,15.94267463684082
2021-03-01,87.0999984741211,64.17388916015625,18.520000457763672,15.780776023864746
2021-03-02,86.97000122070312,64.07810974121094,18.549999237060547,15.806337356567383
2021-03-03,86.69000244140625,63.8718376159668,18.610000610351562,15.857462882995605
2021-03-04,86.36000061035156,63.62868881225586,18.670000076293945,15.908588409423828
2021-03-05,86.62000274658203,63.82026672363281,18.6200008392334,15.865983963012695
2021-03-08,85.98999786376953,63.3560676574707,18.739999771118164,15.968236923217773
2021-03-09,86.11000061035156,63.444496154785156,18.729999542236328,15.959710121154785
2021-03-10,86.37999725341797,63.643402099609375,18.649999618530273,15.8915433883667
2021-03-11,86.69999694824219,63.879180908203125,18.59000015258789,15.840422630310059
2021-03-12,86.45999908447266,63.70237731933594,18.639999389648438,15.88302230834961
2021-03-15,86.47000122070312,63.7097282409668,18.6299991607666,15.874503135681152
2021-03-16,86.2699966430664,63.56235122680664,18.68000030517578,15.91711139678955
2021-03-17,86.38999938964844,63.65078353881836,18.639999389648438,15.88302230834961
2021-03-18,85.7300033569336,63.16450119018555,18.770000457763672,15.993796348571777
2021-03-19,86.05999755859375,63.40765380859375,18.719999313354492,15.951193809509277
2021-03-22,86.37000274658203,63.63602828979492,18.639999389648438,15.88302230834961
2021-03-23,86.45999908447266,63.70237731933594,18.6200008392334,15.865983963012695
2021-03-24,86.51000213623047,63.739192962646484,18.59000015258789,15.840422630310059
2021-03-25,86.66000366210938,63.84971618652344,18.56999969482422,15.823378562927246
2021-03-26,86.91999816894531,64.04129028320312,18.510000228881836,15.77225112915039
2021-03-29,86.97000122070312,64.07810974121094,18.520000457763672,15.780776023864746
2021-03-30,86.76000213623047,63.92340850830078,18.559999465942383,15.81485652923584
2021-03-31,87.18000030517578,64.23285675048828,18.450000762939453,15.721126556396484
2021-04-01,87.06999969482422,64.36888885498047,18.420000076293945,15.695566177368164
2021-04-05,87.11000061035156,64.39845275878906,18.389999389648438,15.670003890991211
2021-04-06,87.26000213623047,64.5093765258789,18.360000610351562,15.644441604614258
2021-04-07,87.2300033569336,64.48712921142578,18.389999389648438,15.670003890991211
2021-04-08,87.26000213623047,64.5093765258789,18.360000610351562,15.644441604614258
2021-04-09,87.19999694824219,64.46495056152344,18.3799991607666,15.661479949951172
2021-04-12,87.11000061035156,64.39845275878906,18.399999618530273,15.678522109985352
2021-04-13,87.16999816894531,64.44279479980469,18.3700008392334,15.652960777282715
2021-04-14,87.12999725341797,64.41322326660156,18.3799991607666,15.661479949951172
2021-04-15,87.4800033569336,64.67198181152344,18.299999237060547,15.59331226348877
2021-04-16,87.30000305175781,64.53890228271484,18.34000015258789,15.627398490905762
2021-04-19,87.16000366210938,64.43540954589844,18.360000610351562,15.644441604614258
2021-04-20,87.01000213623047,64.32450103759766,18.389999389648438,15.670003890991211
2021-04-21,87.30000305175781,64.53890228271484,18.350000381469727,15.635917663574219
2021-04-22,87.13999938964844,64.42062377929688,18.360000610351562,15.644441604614258
2021-04-23,87.37000274658203,64.59063720703125,18.31999969482422,15.610357284545898
2021-04-26,87.33000183105469,64.56108856201172,18.309999465942383,15.601836204528809
2021-04-27,87.20999908447266,64.47235870361328,18.34000015258789,15.627398490905762
2021-04-28,87.37999725341797,64.5980453491211,18.290000915527344,15.584795951843262
2021-04-29,87.4800033569336,64.67198181152344,18.290000915527344,15.584795951843262
2021-04-30,87.44000244140625,64.64241027832031,18.290000915527344,15.584795951843262
2021-05-03,87.18000030517578,64.66763305664062,18.280000686645508,15.576272010803223
2021-05-04,87.12999725341797,64.63053131103516,18.280000686645508,15.576272010803223
2021-05-05,87.30000305175781,64.75662994384766,18.239999771118164,15.54218578338623
2021-05-06,87.2699966430664,64.7343978881836,18.270000457763672,15.567750930786133
2021-05-07,87.33000183105469,64.77889251708984,18.239999771118164,15.54218578338623
2021-05-10,87.12999725341797,64.63053131103516,18.280000686645508,15.576272010803223
2021-05-11,87.04000091552734,64.56376647949219,18.299999237060547,15.59331226348877
2021-05-12,86.62000274658203,64.25224304199219,18.389999389648438,15.670003890991211
2021-05-13,86.93000030517578,64.48216247558594,18.329999923706055,15.618875503540039
2021-05-14,87.20999908447266,64.68986511230469,18.25,15.550705909729004
2021-05-17,87.05000305175781,64.57119750976562,18.280000686645508,15.576272010803223
2021-05-18,86.83999633789062,64.41543579101562,18.309999465942383,15.601836204528809
2021-05-19,86.61000061035156,64.24483489990234,18.3799991607666,15.661479949951172
2021-05-20,86.9800033569336,64.5192642211914,18.290000915527344,15.584795951843262
2021-05-21,87.11000061035156,64.61570739746094,18.25,15.550705909729004
2021-05-24,87.20999908447266,64.68986511230469,18.239999771118164,15.54218578338623
2021-05-25,87.22000122070312,64.69727325439453,18.25,15.550705909729004
2021-05-26,87.25,64.71954345703125,18.219999313354492,15.52514934539795
2021-05-27,87.20999908447266,64.68986511230469,18.219999313354492,15.52514934539795
2021-05-28,87.18000030517578,64.66763305664062,18.219999313354492,15.52514934539795
2021-06-01,87.1500015258789,64.86186981201172,18.15999984741211,15.474019050598145
2021-06-02,87.26000213623047,64.94375610351562,18.149999618530273,15.46550178527832
2021-06-03,87.08000183105469,64.80976867675781,18.18000030517578,15.491064071655273
2021-06-04,87.2699966430664,64.95120239257812,18.1299991607666,15.448453903198242
2021-06-07,87.30000305175781,64.97354125976562,18.1200008392334,15.43993854522705
2021-06-08,87.36000061035156,65.01817321777344,18.100000381469727,15.422894477844238
2021-06-09,87.43000030517578,65.0702896118164,18.110000610351562,15.431418418884277
2021-06-10,87.58999633789062,65.18934631347656,18.049999237060547,15.380287170410156
2021-06-11,87.62000274658203,65.211669921875,18.040000915527344,15.371772766113281
2021-06-14,87.54000091552734,65.15216064453125,18.049999237060547,15.380287170410156
2021-06-15,87.52999877929688,65.14470672607422,18.059999465942383,15.388812065124512
2021-06-16,87.41000366210938,65.05538177490234,18.09000015258789,15.414374351501465
2021-06-17,87.47000122070312,65.10002899169922,18.06999969482422,15.397333145141602
2021-06-18,87.43000030517578,65.0702896118164,18.09000015258789,15.414374351501465
2021-06-21,87.5999984741211,65.19677734375,18.040000915527344,15.371772766113281
2021-06-22,87.66000366210938,65.241455078125,18.040000915527344,15.371772766113281
2021-06-23,87.56999969482422,65.17445373535156,18.030000686645508,15.363250732421875
2021-06-24,87.83999633789062,65.37541198730469,17.979999542236328,15.320642471313477
2021-06-25,87.93000030517578,65.44239807128906,17.969999313354492,15.312121391296387
2021-06-28,87.91999816894531,65.43494415283203,17.969999313354492,15.312121391296387
2021-06-29,88.02999877929688,65.51681518554688,17.940000534057617,15.286561012268066
2021-06-30,88.04000091552734,65.52426147460938,17.93000030517578,15.27803897857666
2021-07-01,87.91999816894531,65.65269470214844,17.889999389648438,15.243956565856934
2021-07-02,88.05999755859375,65.75723266601562,17.8700008392334,15.226912498474121
2021-07-06,88.01000213623047,65.71990966796875,17.860000610351562,15.218392372131348
2021-07-07,88.04000091552734,65.74231719970703,17.860000610351562,15.218392372131348
2021-07-08,87.8499984741211,65.60040283203125,17.90999984741211,15.260998725891113
2021-07-09,88.0,65.71245574951172,17.8700008392334,15.226912498474121
2021-07-12,87.97000122070312,65.69002532958984,17.8700008392334,15.226912498474121
2021-07-13,87.70999908447266,65.4958724975586,17.90999984741211,15.260998725891113
2021-07-14,87.8499984741211,65.60040283203125,17.899999618530273,15.252477645874023
2021-07-15,87.79000091552734,65.55559539794922,17.920000076293945,15.26952075958252
2021-07-16,87.66999816894531,65.46603393554688,17.940000534057617,15.286561012268066
2021-07-19,87.08000183105469,65.02545166015625,18.059999465942383,15.388812065124512
2021-07-20,87.5199966430664,65.35399627685547,17.950000762939453,15.295082092285156
2021-07-21,87.7300033569336,65.51085662841797,17.899999618530273,15.252477645874023
2021-07-22,87.77999877929688,65.54814910888672,17.889999389648438,15.243956565856934
2021-07-23,87.94999694824219,65.67509460449219,17.84000015258789,15.201351165771484
2021-07-26,87.81999969482422,65.5780258178711,17.8700008392334,15.226912498474121
2021-07-27,87.69999694824219,65.48838806152344,17.889999389648438,15.243956565856934
2021-07-28,87.7699966430664,65.54068756103516,17.8799991607666,15.235433578491211
2021-07-29,87.95999908447266,65.68258666992188,17.84000015258789,15.201351165771484
2021-07-30,87.83999633789062,65.59294891357422,17.850000381469727,15.209872245788574
2021-08-02,87.33999633789062,65.43041229248047,17.899999618530273,15.252477645874023
2021-08-03,87.44000244140625,65.50527954101562,17.889999389648438,15.243956565856934
2021-08-04,87.27999877929688,65.38545989990234,17.90999984741211,15.260998725891113
2021-08-05,87.4800033569336,65.53528594970703,17.8700008392334,15.226912498474121
2021-08-06,87.37999725341797,65.46036529541016,17.8799991607666,15.235433578491211
2021-08-09,87.18000030517578,65.310546875,17.90999984741211,15.260998725891113
2021-08-10,86.9800033569336,65.16071319580078,17.979999542236328,15.320642471313477
2021-08-11,87.12000274658203,65.26559448242188,17.940000534057617,15.286561012268066
2021-08-12,87.2699966430664,65.3779525756836,17.889999389648438,15.243956565856934
2021-08-13,87.45999908447266,65.52029418945312,17.860000610351562,15.218392372131348
2021-08-16,87.48999786376953,65.54277801513672,17.860000610351562,15.218392372131348
2021-08-17,87.29000091552734,65.39295196533203,17.899999618530273,15.252477645874023
2021-08-18,87.08999633789062,65.24309539794922,17.920000076293945,15.26952075958252
2021-08-19,87.08000183105469,65.23561096191406,17.940000534057617,15.286561012268066
2021-08-20,87.29000091552734,65.39295196533203,17.889999389648438,15.243956565856934
2021-08-23,87.55999755859375,65.59521484375,17.81999969482422,15.184310913085938
2021-08-24,87.68000030517578,65.68512725830078,17.809999465942383,15.175787925720215
2021-08-25,87.7699966430664,65.75253295898438,17.770000457763672,15.141704559326172
2021-08-26,87.72000122070312,65.71505737304688,17.780000686645508,15.150227546691895
2021-08-27,87.95999908447266,65.8948974609375,17.729999542236328,15.107619285583496
2021-08-30,88.06999969482422,65.97726440429688,17.700000762939453,15.08205509185791
2021-08-31,88.08999633789062,65.99226379394531,17.700000762939453,15.08205509185791
2021-09-01,87.88999938964844,66.04859161376953,17.700000762939453,15.08205509185791
2021-09-02,88.0,66.13130187988281,17.65999984741211,15.047972679138184
2021-09-03,88.01000213623047,66.1388168334961,17.65999984741211,15.047972679138184
2021-09-07,87.77999877929688,65.9659652709961,17.709999084472656,15.09057903289795
2021-09-08,87.87999725341797,66.04110717773438,17.68000030517578,15.065019607543945
2021-09-09,87.95999908447266,66.10125732421875,17.670000076293945,15.05649471282959
2021-09-10,87.83000183105469,66.00352478027344,17.670000076293945,15.05649471282959
2021-09-13,88.05000305175781,66.16886138916016,17.639999389648438,15.030932426452637
2021-09-14,88.01000213623047,66.1388168334961,17.6299991607666,15.022412300109863
2021-09-15,88.13999938964844,66.23648834228516,17.6200008392334,15.01388931274414
2021-09-16,88.11000061035156,66.21392822265625,17.610000610351562,15.00536823272705
2021-09-17,88.0,66.13130187988281,17.649999618530273,15.039453506469727
2021-09-20,87.69000244140625,65.89834594726562,17.709999084472656,15.09057903289795
2021-09-21,87.83999633789062,66.01102447509766,17.649999618530273,15.039453506469727
2021-09-22,88.0,66.13130187988281,17.6299991607666,15.022412300109863
2021-09-23,88.04000091552734,66.16132354736328,17.610000610351562,15.00536823272705
2021-09-24,87.91000366210938,66.06364440917969,17.6299991607666,15.022412300109863
2021-09-27,87.83000183105469,66.00352478027344,17.639999389648438,15.030932426452637
2021-09-28,87.43000030517578,65.70295715332031,17.739999771118164,15.11613941192627
2021-09-29,87.58999633789062,65.82317352294922,17.709999084472656,15.09057903289795
2021-09-30,87.48999786376953,65.74803161621094,17.719999313354492,15.099101066589355
2021-10-01,87.41000366210938,65.90560913085938,17.68000030517578,15.065019607543945
2021-10-04,87.0999984741211,65.6718521118164,17.729999542236328,15.107619285583496
2021-10-05,87.05999755859375,65.64168548583984,17.739999771118164,15.11613941192627
2021-10-06,87.01000213623047,65.60400390625,17.760000228881836,15.133186340332031
2021-10-07,87.0199966430664,65.61153411865234,17.75,15.124662399291992
2021-10-08,86.76000213623047,65.41551971435547,17.790000915527344,15.1587495803833
2021-10-11,86.48999786376953,65.21192169189453,17.850000381469727,15.209872245788574
2021-10-12,86.6500015258789,65.33255004882812,17.81999969482422,15.184310913085938
2021-10-13,86.87999725341797,65.5060043334961,17.780000686645508,15.150227546691895
2021-10-14,87.37000274658203,65.87544250488281,17.649999618530273,15.039453506469727
2021-10-15,87.22000122070312,65.7623291015625,17.68000030517578,15.065019607543945
2021-10-18,87.18000030517578,65.73219299316406,17.709999084472656,15.09057903289795
2021-10-19,87.23999786376953,65.77740478515625,17.68000030517578,15.065019607543945
2021-10-20,87.2699966430664,65.800048828125,17.68000030517578,15.065019607543945
2021-10-21,87.05000305175781,65.63417053222656,17.700000762939453,15.08205509185791
2021-10-22,86.83999633789062,65.47583770751953,17.770000457763672,15.141704559326172
2021-10-25,86.98999786376953,65.58894348144531,17.719999313354492,15.099101066589355
2021-10-26,87.01000213623047,65.60400390625,17.700000762939453,15.08205509185791
2021-10-27,86.94000244140625,65.5512466430664,17.729999542236328,15.107619285583496
2021-10-28,87.16000366210938,65.71712493896484,17.690000534057617,15.07353687286377
2021-10-29,86.93000030517578,65.54371643066406,17.700000762939453,15.08205509185791
2021-11-01,86.55999755859375,65.47332763671875,17.739999771118164,15.11613941192627
2021-11-02,86.7699966430664,65.6321792602539,17.709999084472656,15.09057903289795
2021-11-03,86.94000244140625,65.7607650756836,17.649999618530273,15.039453506469727
2021-11-04,87.16999816894531,65.93474578857422,17.610000610351562,15.00536823272705
2021-11-05,87.5,66.1843490600586,17.530000686645508,14.937201499938965
2021-11-08,87.38999938964844,66.10115051269531,17.549999237060547,14.954241752624512
2021-11-09,87.45999908447266,66.15409851074219,17.540000915527344,14.945722579956055
2021-11-10,86.97000122070312,65.7834701538086,17.6200008392334,15.01388931274414
2021-11-11,86.81999969482422,65.67003631591797,17.649999618530273,15.039453506469727
2021-11-12,86.8499984741211,65.69268798828125,17.65999984741211,15.047972679138184
2021-11-15,86.75,65.61707305908203,17.68000030517578,15.065019607543945
2021-11-16,86.79000091552734,65.64733123779297,17.670000076293945,15.05649471282959
2021-11-17,86.69999694824219,65.57923126220703,17.68000030517578,15.065019607543945
2021-11-18,86.62999725341797,65.52628326416016,17.690000534057617,15.07353687286377
2021-11-19,86.55999755859375,65.47332763671875,17.700000762939453,15.08205509185791
2021-11-22,86.2300033569336,65.22373962402344,17.760000228881836,15.133186340332031
2021-11-23,86.11000061035156,65.13297271728516,17.799999237060547,15.167265892028809
2021-11-24,86.08999633789062,65.11782836914062,17.780000686645508,15.150227546691895
2021-11-26,85.47000122070312,64.64889526367188,17.93000030517578,15.27803897857666
2021-11-29,86.0,65.04976654052734,17.81999969482422,15.184310913085938
2021-11-30,85.63999938964844,64.7774887084961,17.8700008392334,15.226912498474121
2021-12-01,85.37000274658203,64.78655242919922,17.8799991607666,15.235433578491211
2021-12-02,86.0,65.26467895507812,17.75,15.124662399291992
2021-12-03,86.0,65.26467895507812,17.719999313354492,15.099101066589355
2021-12-06,86.37999725341797,65.55303955078125,17.65999984741211,15.047972679138184
2021-12-07,86.83999633789062,65.90213775634766,17.559999465942383,14.962764739990234
2021-12-08,86.81999969482422,65.88694763183594,17.56999969482422,14.971283912658691
2021-12-09,86.43000030517578,65.59095001220703,17.639999389648438,15.030932426452637
2021-12-10,86.62999725341797,65.74275970458984,17.600000381469727,14.996849060058594
2021-12-13,86.62999725341797,65.74275970458984,17.610000610351562,15.00536823272705
2021-12-14,86.4800033569336,65.62895202636719,17.6299991607666,15.022412300109863
2021-12-15,86.80999755859375,65.87936401367188,17.540000915527344,14.945722579956055
2021-12-16,86.44999694824219,65.83063507080078,17.549999237060547,14.954241752624512
2021-12-17,86.37000274658203,65.76970672607422,17.59000015258789,14.988327026367188
2021-12-20,86.22000122070312,65.65550994873047,17.600000381469727,14.996849060058594
2021-12-21,86.68000030517578,66.00580596923828,17.489999771118164,14.903117179870605
2021-12-22,86.91000366210938,66.18092346191406,17.459999084472656,14.877554893493652
2021-12-23,87.16000366210938,66.37127685546875,17.389999389648438,14.817909240722656
2021-12-27,87.25,66.4397964477539,17.389999389648438,14.817909240722656
2021-12-28,87.20999908447266,66.40937805175781,17.3799991607666,14.809386253356934
2021-12-29,87.06999969482422,66.3027572631836,17.40999984741211,14.834951400756836
2021-12-30,87.02999877929688,66.27229309082031,17.420000076293945,14.843470573425293
2021-12-31,87.01000213623047,66.257080078125,17.420000076293945,14.843470573425293
2022-01-03,86.97000122070312,66.22657012939453,17.43000030517578,14.851994514465332
2022-01-04,86.75,66.05908966064453,17.450000762939453,14.86903190612793
2022-01-05,86.08000183105469,65.54889678955078,17.610000610351562,15.00536823272705
2022-01-06,86.08999633789062,65.55648803710938,17.610000610351562,15.00536823272705
2022-01-07,85.87000274658203,65.38898468017578,17.6200008392334,15.01388931274414
2022-01-10,85.94000244140625,65.44229888916016,17.639999389648438,15.030932426452637
2022-01-11,86.33999633789062,65.74685668945312,17.549999237060547,14.954241752624512
2022-01-12,86.4800033569336,65.85350036621094,17.530000686645508,14.937201499938965
2022-01-13,86.16999816894531,65.61743927001953,17.579999923706055,14.97980785369873
2022-01-14,86.08999633789062,65.55648803710938,17.59000015258789,14.988327026367188
2022-01-18,85.66999816894531,65.23668670654297,17.670000076293945,15.05649471282959
2022-01-19,85.58999633789062,65.17576599121094,17.700000762939453,15.08205509185791
2022-01-20,85.43000030517578,65.05390167236328,17.719999313354492,15.099101066589355
2022-01-21,85.44000244140625,65.06153106689453,17.709999084472656,15.09057903289795
2022-01-24,85.3499984741211,64.99298095703125,17.729999542236328,15.107619285583496
2022-01-25,85.0999984741211,64.80262756347656,17.780000686645508,15.150227546691895
2022-01-26,84.80999755859375,64.58179473876953,17.84000015258789,15.201351165771484
2022-01-27,84.44000244140625,64.30006408691406,17.940000534057617,15.286561012268066
2022-01-28,84.68000030517578,64.48280334472656,17.8700008392334,15.226912498474121
2022-01-31,84.69999694824219,64.49801635742188,17.84000015258789,15.201351165771484
2022-02-01,84.7300033569336,64.75407409667969,17.780000686645508,15.150227546691895
2022-02-02,84.86000061035156,64.8534164428711,17.75,15.124662399291992
2022-02-03,84.0999984741211,64.27256774902344,17.899999618530273,15.252477645874023
2022-02-04,83.7699966430664,64.0204086303711,17.979999542236328,15.320642471313477
2022-02-07,83.70999908447266,63.97452163696289,17.989999771118164,15.329167366027832
2022-02-08,83.62000274658203,63.90576171875,18.0,15.337684631347656
2022-02-09,84.05999755859375,64.24200439453125,17.899999618530273,15.252477645874023
2022-02-10,82.94999694824219,63.39370346069336,18.1200008392334,15.43993854522705
2022-02-11,82.66000366210938,63.17210388183594,18.209999084472656,15.516624450683594
2022-02-14,82.5199966430664,63.06508255004883,18.239999771118164,15.54218578338623
2022-02-15,82.66000366210938,63.17210388183594,18.190000534057617,15.49958324432373
2022-02-16,83.12000274658203,63.52362823486328,18.079999923706055,15.405854225158691
2022-02-17,82.7699966430664,63.25615310668945,18.15999984741211,15.474019050598145
2022-02-18,82.88999938964844,63.34786605834961,18.139999389648438,15.456979751586914
2022-02-22,82.69999694824219,63.202640533447266,18.170000076293945,15.4825439453125
2022-02-23,82.55000305175781,63.088016510009766,18.200000762939453,15.508108139038086
2022-02-24,83.13999938964844,63.53891372680664,18.079999923706055,15.405854225158691
2022-02-25,83.61000061035156,63.898094177246094,17.979999542236328,15.320642471313477
2022-02-28,83.66999816894531,63.9439811706543,17.950000762939453,15.295082092285156
2022-03-01,83.12999725341797,63.76521682739258,18.010000228881836,15.346206665039062
2022-03-02,83.33000183105469,63.918670654296875,17.950000762939453,15.295082092285156
2022-03-03,83.08000183105469,63.72688293457031,18.0,15.337684631347656
2022-03-04,82.54000091552734,63.312679290771484,18.110000610351562,15.431418418884277
2022-03-07,81.81999969482422,62.76039123535156,18.280000686645508,15.576272010803223
2022-03-08,81.52999877929688,62.53797149658203,18.329999923706055,15.618875503540039
2022-03-09,82.20999908447266,63.05954360961914,18.190000534057617,15.49958324432373
2022-03-10,81.5199966430664,62.5302848815918,18.34000015258789,15.627398490905762
2022-03-11,80.93000030517578,62.07773208618164,18.450000762939453,15.721126556396484
2022-03-14,79.97000122070312,61.34132766723633,18.68000030517578,15.91711139678955
2022-03-15,80.56999969482422,61.80155944824219,18.549999237060547,15.806337356567383
2022-03-16,81.69999694824219,62.66831970214844,18.25,15.550705909729004
2022-03-17,82.26000213623047,63.097904205322266,18.149999618530273,15.46550178527832
2022-03-18,82.52999877929688,63.304988861083984,18.09000015258789,15.414374351501465
2022-03-21,81.58000183105469,62.576290130615234,18.270000457763672,15.567750930786133
2022-03-22,82.0,62.89845657348633,18.18000030517578,15.491064071655273
2022-03-23,81.73999786376953,62.69903564453125,18.25,15.550705909729004
2022-03-24,81.91000366210938,62.82944869995117,18.219999313354492,15.52514934539795
2022-03-25,81.31999969482422,62.37687301635742,18.34000015258789,15.627398490905762
2022-03-28,81.83000183105469,62.76806640625,18.200000762939453,15.508108139038086
2022-03-29,82.83999633789062,63.54279327392578,17.989999771118164,15.329167366027832
2022-03-30,82.58999633789062,63.35101318359375,18.049999237060547,15.380287170410156
2022-03-31,82.29000091552734,63.12090301513672,18.100000381469727,15.422894477844238
2022-04-01,81.94999694824219,63.11630630493164,18.100000381469727,15.422894477844238
2022-04-04,82.56999969482422,63.59379577636719,17.969999313354492,15.312121391296387
2022-04-05,81.5,62.76972198486328,18.18000030517578,15.491064071655273
2022-04-06,80.86000061035156,62.27677536010742,18.34000015258789,15.627398490905762
2022-04-07,80.7300033569336,62.176692962646484,18.350000381469727,15.635917663574219
2022-04-08,80.23999786376953,61.7993049621582,18.469999313354492,15.738170623779297
2022-04-11,79.69000244140625,61.375709533691406,18.600000381469727,15.8489408493042
2022-04-12,80.30000305175781,61.84550857543945,18.459999084472656,15.729646682739258
2022-04-13,80.77999877929688,62.21519088745117,18.34000015258789,15.627398490905762
2022-04-14,80.23999786376953,61.7993049621582,18.43000030517578,15.704085350036621
2022-04-18,80.11000061035156,61.69917678833008,18.489999771118164,15.75521469116211
2022-04-19,80.04000091552734,61.64524841308594,18.5,15.76373291015625
2022-04-20,80.29000091552734,61.83781433105469,18.43000030517578,15.704085350036621
2022-04-21,79.73999786376953,61.414207458496094,18.56999969482422,15.823378562927246
2022-04-22,79.26000213623047,61.04450607299805,18.68000030517578,15.91711139678955
2022-04-25,79.93000030517578,61.56052780151367,18.520000457763672,15.780776023864746
2022-04-26,79.45999908447266,61.19855499267578,18.6299991607666,15.874503135681152
2022-04-27,79.06999969482422,60.89817428588867,18.719999313354492,15.951193809509277
2022-04-28,79.51000213623047,61.23705291748047,18.610000610351562,15.857462882995605
2022-04-29,78.52999877929688,60.4822998046875,18.84000015258789,16.053449630737305
2022-05-02,78.2300033569336,60.48615646362305,18.829999923706055,16.044925689697266
2022-05-03,78.63999938964844,60.803192138671875,18.729999542236328,15.959710121154785
2022-05-04,79.44000244140625,61.421688079833984,18.530000686645508,15.78929328918457
2022-05-05,78.02999877929688,60.331485748291016,18.860000610351562,16.07048797607422
2022-05-06,77.58999633789062,59.99128723144531,18.959999084472656,16.15569496154785
2022-05-09,76.7699966430664,59.35728073120117,19.170000076293945,16.334636688232422
2022-05-10,77.20999908447266,59.69749450683594,19.040000915527344,16.223865509033203
2022-05-11,76.75,59.341819763183594,19.139999389648438,16.309072494506836
2022-05-12,76.72000122070312,59.31864547729492,19.170000076293945,16.334636688232422
2022-05-13,76.80999755859375,59.38822555541992,19.139999389648438,16.309072494506836
2022-05-16,76.69999694824219,59.303165435791016,19.170000076293945,16.334636688232422
2022-05-17,76.62999725341797,59.24905776977539,19.18000030517578,16.343158721923828
2022-05-18,76.0,58.76193618774414,19.34000015258789,16.4794921875
2022-05-19,76.51000213623047,59.1562614440918,19.200000762939453,16.360198974609375
2022-05-20,76.45999908447266,59.11760330200195,19.209999084472656,16.36872100830078
2022-05-23,76.76000213623047,59.349552154541016,19.139999389648438,16.309072494506836
2022-05-24,77.22000122070312,59.70524215698242,19.030000686645508,16.215341567993164
2022-05-25,78.38999938964844,60.60984420776367,18.739999771118164,15.968236923217773
2022-05-26,79.4800033569336,61.45261764526367,18.43000030517578,15.704085350036621
2022-05-27,80.19000244140625,62.00157928466797,18.299999237060547,15.59331226348877
2022-05-31,79.5,61.46810531616211,18.450000762939453,15.721126556396484
2022-06-01,78.9000015258789,61.240638732910156,18.510000228881836,15.77225112915039
2022-06-02,79.2300033569336,61.496803283691406,18.440000534057617,15.712606430053711
2022-06-03,78.63999938964844,61.038856506347656,18.579999923706055,15.831902503967285
2022-06-06,78.05000305175781,60.58089828491211,18.690000534057617,15.925634384155273
2022-06-07,78.2300033569336,60.72063446044922,18.649999618530273,15.8915433883667
2022-06-08,77.55999755859375,60.20058822631836,18.809999465942383,16.02787971496582
2022-06-09,76.94000244140625,59.71935272216797,18.959999084472656,16.15569496154785
2022-06-10,75.62999725341797,58.70254135131836,19.299999237060547,16.445405960083008
2022-06-13,73.0999984741211,56.738826751708984,19.90999984741211,16.965181350708008
2022-06-14,73.58000183105469,57.11137771606445,19.799999237060547,16.87145233154297
2022-06-15,75.01000213623047,58.2213249206543,19.420000076293945,16.547658920288086
2022-06-16,73.81999969482422,57.29764938354492,19.709999084472656,16.794767379760742
2022-06-17,74.05000305175781,57.47617721557617,19.639999389648438,16.73512077331543
2022-06-21,74.0,57.43737030029297,19.65999984741211,16.75216293334961
2022-06-22,73.9800033569336,57.42184066772461,19.670000076293945,16.760683059692383
2022-06-23,74.51000213623047,57.83321762084961,19.520000457763672,16.63286781311035
2022-06-24,75.04000091552734,58.244590759277344,19.3799991607666,16.513578414916992
2022-06-27,74.58000183105469,57.8875617980957,19.479999542236328,16.598785400390625
2022-06-28,73.76000213623047,57.25109100341797,19.700000762939453,16.78624725341797
2022-06-29,73.6500015258789,57.16572189331055,19.729999542236328,16.811805725097656
2022-06-30,73.61000061035156,57.134674072265625,19.760000228881836,16.83736801147461
2022-07-01,73.9800033569336,57.679664611816406,19.549999237060547,16.658432006835938
2022-07-05,73.91000366210938,57.62507247924805,19.59000015258789,16.69251251220703
2022-07-06,73.62999725341797,57.40676498413086,19.649999618530273,16.743640899658203
2022-07-07,74.83000183105469,58.342376708984375,19.31999969482422,16.462448120117188
2022-07-08,74.88999938964844,58.38914489746094,19.290000915527344,16.436887741088867
2022-07-11,74.47000122070312,58.06167984008789,19.40999984741211,16.53913688659668
2022-07-12,74.7699966430664,58.295589447021484,19.34000015258789,16.4794921875
2022-07-13,74.69000244140625,58.23323059082031,19.350000381469727,16.488014221191406
2022-07-14,74.55000305175781,58.12406921386719,19.399999618530273,16.53061294555664
2022-07-15,75.5,58.8647575378418,19.149999618530273,16.317590713500977
2022-07-18,74.7699966430664,58.295589447021484,19.31999969482422,16.462448120117188
2022-07-19,75.76000213623047,59.067474365234375,19.079999923706055,16.257946014404297
2022-07-20,76.08999633789062,59.32474899291992,18.979999542236328,16.172739028930664
2022-07-21,76.98999786376953,60.02643585205078,18.770000457763672,15.993796348571777
2022-07-22,76.88999938964844,59.948455810546875,18.790000915527344,16.01084327697754
2022-07-25,76.87000274658203,59.9328727722168,18.799999237060547,16.019359588623047
2022-07-26,76.33000183105469,59.511837005615234,18.93000030517578,16.130130767822266
2022-07-27,77.16999816894531,60.166786193847656,18.709999084472656,15.94267463684082
2022-07-28,77.95999908447266,60.78269577026367,18.5,15.76373291015625
2022-07-29,78.19000244140625,60.96202850341797,18.459999084472656,15.729646682739258
2022-08-01,77.91000366210938,60.98081970214844,18.450000762939453,15.721126556396484
2022-08-02,77.55000305175781,60.699066162109375,18.559999465942383,15.81485652923584
2022-08-03,78.2300033569336,61.23128890991211,18.399999618530273,15.678522109985352
2022-08-04,78.44000244140625,61.395652770996094,18.329999923706055,15.618875503540039
2022-08-05,78.04000091552734,61.08258819580078,18.43000030517578,15.704085350036621
2022-08-08,78.11000061035156,61.13737106323242,18.420000076293945,15.695566177368164
2022-08-09,77.52999877929688,60.68340301513672,18.549999237060547,15.806337356567383
2022-08-10,78.69000244140625,61.59133529663086,18.270000457763672,15.567750930786133
2022-08-11,78.23999786376953,61.23912811279297,18.389999389648438,15.670003890991211
2022-08-12,78.94000244140625,61.7869987487793,18.219999313354492,15.52514934539795
2022-08-15,78.80000305175781,61.67745590209961,18.25,15.550705909729004
2022-08-16,78.43000030517578,61.38783645629883,18.329999923706055,15.618875503540039
2022-08-17,77.62000274658203,60.75385284423828,18.510000228881836,15.77225112915039
2022-08-18,77.73999786376953,60.84776306152344,18.489999771118164,15.75521469116211
2022-08-19,76.94999694824219,60.22942352294922,18.690000534057617,15.925634384155273
2022-08-22,76.08000183105469,59.548484802246094,18.889999389648438,16.09604835510254
2022-08-23,76.2699966430664,59.697181701660156,18.829999923706055,16.044925689697266
2022-08-24,76.36000061035156,59.76764678955078,18.829999923706055,16.044925689697266
2022-08-25,77.08000183105469,60.3311653137207,18.649999618530273,15.8915433883667
2022-08-26,75.80999755859375,59.337135314941406,18.950000762939453,16.14717674255371
2022-08-29,75.5199966430664,59.11015319824219,19.020000457763672,16.20682144165039
2022-08-30,74.94000244140625,58.65618133544922,19.170000076293945,16.334636688232422
2022-08-31,74.52999877929688,58.33527755737305,19.25,16.402803421020508
2022-09-01,74.36000061035156,58.48945617675781,19.209999084472656,16.36872100830078
2022-09-02,74.30999755859375,58.450103759765625,19.219999313354492,16.377241134643555
2022-09-06,74.11000061035156,58.29279327392578,19.290000915527344,16.436887741088867
2022-09-07,75.18000030517578,59.13443374633789,19.020000457763672,16.20682144165039
2022-09-08,75.51000213623047,59.39400100708008,18.940000534057617,16.138656616210938
2022-09-09,75.80999755859375,59.629940032958984,18.850000381469727,16.06196403503418
2022-09-12,76.04000091552734,59.81086730957031,18.809999465942383,16.02787971496582
2022-09-13,74.30999755859375,58.450103759765625,19.229999542236328,16.385759353637695
2022-09-14,74.41999816894531,58.536617279052734,19.18000030517578,16.343158721923828
2022-09-15,73.94999694824219,58.16695785522461,19.309999465942383,16.453927993774414
2022-09-16,74.19999694824219,58.36359786987305,19.25,16.402803421020508
2022-09-19,74.4800033569336,58.583824157714844,19.170000076293945,16.334636688232422
2022-09-20,73.72000122070312,57.98603820800781,19.3799991607666,16.513578414916992
2022-09-21,73.5,57.8129997253418,19.43000030517578,16.55617904663086
2022-09-22,73.05999755859375,57.46690368652344,19.540000915527344,16.649911880493164
2022-09-23,72.12999725341797,56.735389709472656,19.790000915527344,16.862932205200195
2022-09-26,71.27999877929688,56.0667839050293,20.030000686645508,17.06743812561035
2022-09-27,71.12999725341797,55.94880676269531,20.079999923706055,17.11003875732422
2022-09-28,72.4000015258789,56.947784423828125,19.729999542236328,16.811805725097656
2022-09-29,71.72000122070312,56.412906646728516,19.920000076293945,16.973703384399414
2022-09-30,71.38999938964844,56.153316497802734,20.010000228881836,17.050395965576172
2022-10-03,71.97000122070312,56.889244079589844,19.729999542236328,16.811805725097656
2022-10-04,73.5199966430664,58.11445236206055,19.329999923706055,16.470966339111328
2022-10-05,73.2300033569336,57.88522720336914,19.389999389648438,16.522096633911133
2022-10-06,73.01000213623047,57.7112922668457,19.469999313354492,16.59026527404785
2022-10-07,72.12000274658203,57.0078125,19.690000534057617,16.777725219726562
2022-10-10,71.23999786376953,56.31221008300781,19.920000076293945,16.973703384399414
2022-10-11,71.45999908447266,56.48611831665039,19.8799991607666,16.93962287902832
2022-10-12,71.58000183105469,56.580955505371094,19.829999923706055,16.897014617919922
2022-10-13,71.73999786376953,56.707427978515625,19.790000915527344,16.862932205200195
2022-10-14,71.51000213623047,56.52562713623047,19.860000610351562,16.922582626342773
2022-10-17,72.38999938964844,57.221229553222656,19.639999389648438,16.73512077331543
2022-10-18,72.9000015258789,57.62437057495117,19.489999771118164,16.6073055267334
2022-10-19,72.19999694824219,57.07105255126953,19.65999984741211,16.75216293334961
2022-10-20,71.80000305175781,56.754859924316406,19.780000686645508,16.854413986206055
2022-10-21,72.48999786376953,57.30027389526367,19.610000610351562,16.709558486938477
2022-10-24,72.54000091552734,57.33979797363281,19.559999465942383,16.666950225830078
2022-10-25,73.23999786376953,57.89311599731445,19.3799991607666,16.513578414916992
2022-10-26,73.44000244140625,58.051204681396484,19.350000381469727,16.488014221191406
2022-10-27,73.9800033569336,58.47806930541992,19.200000762939453,16.360198974609375
2022-10-28,74.55000305175781,58.92862319946289,19.049999237060547,16.23238182067871
2022-10-31,73.43000030517578,58.0433235168457,19.31999969482422,16.462448120117188
2022-11-01,73.58999633789062,58.392425537109375,19.219999313354492,16.377241134643555
2022-11-02,72.91999816894531,57.86079788208008,19.40999984741211,16.53913688659668
2022-11-03,72.4000015258789,57.448204040527344,19.540000915527344,16.649911880493164
2022-11-04,72.9000015258789,57.844947814941406,19.469999313354492,16.59026527404785
2022-11-07,72.88999938964844,57.837013244628906,19.399999618530273,16.53061294555664
2022-11-08,72.81999969482422,57.781455993652344,19.420000076293945,16.547658920288086
2022-11-09,71.94999694824219,57.09111022949219,19.649999618530273,16.743640899658203
2022-11-10,74.19000244140625,58.8685417175293,19.059999465942383,16.240903854370117
2022-11-11,74.44999694824219,59.074832916259766,18.979999542236328,16.172739028930664
2022-11-14,73.9000015258789,58.63843536376953,19.1200008392334,16.29203224182129
2022-11-15,74.55000305175781,59.15419387817383,18.959999084472656,16.15569496154785
2022-11-16,74.38999938964844,59.0272216796875,19.0,16.189781188964844
2022-11-17,74.06999969482422,58.773319244384766,19.09000015258789,16.266469955444336
2022-11-18,74.2300033569336,58.9002685546875,19.040000915527344,16.223865509033203
2022-11-21,74.19999694824219,58.87647247314453,19.059999465942383,16.240903854370117
2022-11-22,74.73999786376953,59.304931640625,18.920000076293945,16.12160873413086
2022-11-23,75.16000366210938,59.63822555541992,18.829999923706055,16.044925689697266
2022-11-25,75.01000213623047,59.51919174194336,18.860000610351562,16.07048797607422
2022-11-28,74.22000122070312,58.89231491088867,19.059999465942383,16.240903854370117
2022-11-29,74.54000091552734,59.146240234375,18.979999542236328,16.172739028930664
2022-11-30,75.66000366210938,60.03496551513672,18.719999313354492,15.951193809509277
2022-12-01,75.62000274658203,60.257266998291016,18.639999389648438,15.88302230834961
2022-12-02,75.55999755859375,60.209449768066406,18.65999984741211,15.900067329406738
2022-12-05,74.83999633789062,59.6357307434082,18.829999923706055,16.044925689697266
2022-12-06,74.56999969482422,59.42059326171875,18.920000076293945,16.12160873413086
2022-12-07,74.9800033569336,59.74729537963867,18.809999465942383,16.02787971496582
2022-12-08,75.04000091552734,59.79509353637695,18.809999465942383,16.02787971496582
2022-12-09,75.04000091552734,59.79509353637695,18.790000915527344,16.01084327697754
2022-12-12,75.33000183105469,60.02618408203125,18.719999313354492,15.951193809509277
2022-12-13,76.11000061035156,60.64772415161133,18.540000915527344,15.797818183898926
2022-12-14,75.68000030517578,60.30510711669922,18.639999389648438,15.88302230834961
2022-12-15,75.0,60.077606201171875,18.719999313354492,15.951193809509277
2022-12-16,74.5999984741211,59.75716781616211,18.81999969482422,16.036401748657227
2022-12-19,74.22000122070312,59.45277404785156,18.90999984741211,16.11309051513672
2022-12-20,74.02999877929688,59.30058670043945,18.969999313354492,16.164216995239258
2022-12-21,74.66000366210938,59.805240631103516,18.860000610351562,16.07048797607422
2022-12-22,74.19999694824219,59.436771392822266,18.860000610351562,16.14496421813965
2022-12-23,74.38999938964844,59.58895492553711,18.809999465942383,16.102157592773438
2022-12-27,73.62000274658203,58.972171783447266,18.989999771118164,16.256244659423828
2022-12-28,72.62999725341797,58.17913818359375,19.25,16.478818893432617
2022-12-29,73.56999969482422,58.9321174621582,19.040000915527344,16.29905128479004
2022-12-30,73.62999725341797,58.98016357421875,19.0,16.264808654785156
2023-01-03,73.7699966430664,59.09231185913086,18.969999313354492,16.239126205444336
2023-01-04,74.62000274658203,59.77320098876953,18.760000228881836,16.059354782104492
2023-01-05,74.47000122070312,59.65304183959961,18.790000915527344,16.08504295349121
2023-01-06,75.52999877929688,60.50214385986328,18.540000915527344,15.8710298538208
2023-01-09,75.80000305175781,60.71842956542969,18.459999084472656,15.802542686462402
2023-01-10,75.70999908447266,60.64632797241211,18.479999542236328,15.819664001464844
2023-01-11,76.20999908447266,61.04683303833008,18.360000610351562,15.71694278717041
2023-01-12,76.63999938964844,61.39128494262695,18.270000457763672,15.639896392822266
2023-01-13,76.63999938964844,61.39128494262695,18.260000228881836,15.631335258483887
2023-01-17,76.37999725341797,61.18300247192383,18.31999969482422,15.682700157165527
2023-01-18,76.47000122070312,61.255130767822266,18.31999969482422,15.682700157165527
2023-01-19,76.0199966430664,60.8946418762207,18.43000030517578,15.776863098144531
2023-01-20,76.16999816894531,61.014774322509766,18.40999984741211,15.75974178314209
2023-01-23,76.16000366210938,61.006797790527344,18.389999389648438,15.742623329162598
2023-01-24,76.20999908447266,61.04683303833008,18.399999618530273,15.751180648803711
2023-01-25,76.19999694824219,61.038841247558594,18.389999389648438,15.742623329162598
2023-01-26,76.38999938964844,61.19101333618164,18.360000610351562,15.71694278717041
2023-01-27,76.16000366210938,61.006797790527344,18.40999984741211,15.75974178314209
2023-01-30,75.73999786376953,60.67035675048828,18.530000686645508,15.862465858459473
2023-01-31,76.33000183105469,61.14297103881836,18.3799991607666,15.734060287475586
2023-02-01,76.76000213623047,61.78529739379883,18.190000534057617,15.571413040161133
2023-02-02,77.19999694824219,62.13946533203125,18.079999923706055,15.477249145507812
2023-02-03,76.38999938964844,61.487464904785156,18.280000686645508,15.648457527160645
2023-02-06,75.9000015258789,61.093082427978516,18.389999389648438,15.742623329162598
2023-02-07,76.16999816894531,61.310386657714844,18.31999969482422,15.682700157165527
2023-02-08,75.8499984741211,61.05281066894531,18.420000076293945,15.768303871154785
2023-02-09,75.36000061035156,60.658424377441406,18.530000686645508,15.862465858459473
2023-02-10,74.77999877929688,60.19154739379883,18.68000030517578,15.990876197814941
2023-02-13,74.97000122070312,60.344505310058594,18.59000015258789,15.91383171081543
2023-02-14,74.98999786376953,60.36060333251953,18.639999389648438,15.956628799438477
2023-02-15,74.87000274658203,60.26400375366211,18.68000030517578,15.990876197814941
2023-02-16,74.2699966430664,59.78104019165039,18.829999923706055,16.119281768798828
2023-02-17,74.55999755859375,60.01445770263672,18.770000457763672,16.067916870117188
2023-02-21,73.41000366210938,59.088829040527344,19.06999969482422,16.324729919433594
2023-02-22,73.88999938964844,59.475189208984375,18.940000534057617,16.21344757080078
2023-02-23,74.62000274658203,60.062767028808594,18.760000228881836,16.059354782104492
2023-02-24,74.16999816894531,59.700565338134766,18.8700008392334,16.153526306152344
2023-02-27,74.66999816894531,60.10304641723633,18.75,16.050798416137695
2023-02-28,74.52999877929688,59.99031066894531,18.790000915527344,16.08504295349121
2023-03-01,73.87000274658203,59.82025909423828,18.829999923706055,16.119281768798828
2023-03-02,73.95999908447266,59.89314270019531,18.84000015258789,16.127845764160156
2023-03-03,74.72000122070312,60.50859451293945,18.639999389648438,15.956628799438477
2023-03-06,74.72000122070312,60.50859451293945,18.639999389648438,15.956628799438477
2023-03-07,74.19000244140625,60.079410552978516,18.780000686645508,16.076478958129883
2023-03-08,73.83999633789062,59.795963287353516,18.860000610351562,16.14496421813965
2023-03-09,73.43000030517578,59.463958740234375,18.969999313354492,16.239126205444336
2023-03-10,73.44000244140625,59.47205352783203,18.979999542236328,16.24768829345703
2023-03-13,73.04000091552734,59.14815139770508,19.079999923706055,16.333290100097656
2023-03-14,73.56999969482422,59.577327728271484,18.90999984741211,16.187763214111328
2023-03-15,73.33000183105469,59.38296127319336,19.010000228881836,16.27336883544922
2023-03-16,73.80999755859375,59.77165603637695,18.899999618530273,16.179201126098633
2023-03-17,73.37000274658203,59.41535568237305,19.020000457763672,16.28192901611328
2023-03-20,73.16999816894531,59.25339889526367,19.049999237060547,16.307607650756836
2023-03-21,73.97000122070312,59.90127182006836,18.860000610351562,16.14496421813965
2023-03-22,74.04000091552734,59.95793533325195,18.760000228881836,16.14582061767578
2023-03-23,73.75,59.72310256958008,18.829999923706055,16.20606231689453
2023-03-24,73.5999984741211,59.60162353515625,18.860000610351562,16.23188591003418
2023-03-27,73.41999816894531,59.455841064453125,18.889999389648438,16.257707595825195
2023-03-28,73.37999725341797,59.423465728759766,18.920000076293945,16.283525466918945
2023-03-29,74.30000305175781,60.16850662231445,18.690000534057617,16.0855770111084
2023-03-30,74.73999786376953,60.52478790283203,18.600000381469727,16.00811767578125
2023-03-31,75.55000305175781,61.180763244628906,18.360000610351562,15.801563262939453
2023-04-03,75.1500015258789,61.133544921875,18.3799991607666,15.81877326965332
2023-04-04,74.93000030517578,60.95458984375,18.469999313354492,15.896233558654785
2023-04-05,74.51000213623047,60.612937927246094,18.579999923706055,15.990906715393066
2023-04-06,74.83999633789062,60.8813591003418,18.489999771118164,15.913446426391602
2023-04-10,74.7699966430664,60.82444381713867,18.5,15.922057151794434
2023-04-11,74.93000030517578,60.95458984375,18.459999084472656,15.887626647949219
2023-04-12,74.91000366210938,60.93832015991211,18.479999542236328,15.904837608337402
2023-04-13,75.41999816894531,61.35321044921875,18.350000381469727,15.792959213256836
2023-04-14,75.27999877929688,61.23930740356445,18.399999618530273,15.835986137390137
2023-04-17,75.08000183105469,61.07663345336914,18.450000762939453,15.879019737243652
2023-04-18,75.12999725341797,61.11728286743164,18.450000762939453,15.879019737243652
2023-04-19,74.83000183105469,60.87324905395508,18.5,15.922057151794434
2023-04-20,74.76000213623047,60.81630325317383,18.549999237060547,15.96508502960205
2023-04-21,74.98999786376953,61.00340270996094,18.489999771118164,15.913446426391602
2023-04-24,75.19999694824219,61.174224853515625,18.43000030517578,15.861810684204102
2023-04-25,75.08000183105469,61.07663345336914,18.469999313354492,15.896233558654785
2023-04-26,74.79000091552734,60.8406982421875,18.610000610351562,16.016725540161133
2023-04-27,75.04000091552734,61.04407501220703,18.489999771118164,15.913446426391602
2023-04-28,75.36000061035156,61.30439376831055,18.399999618530273,15.835986137390137
2023-05-01,74.69000244140625,61.02335739135742,18.510000228881836,15.930656433105469
2023-05-02,74.62000274658203,60.96613693237305,18.520000457763672,15.939266204833984
2023-05-03,74.58000183105469,60.933467864990234,18.540000915527344,15.956476211547852
2023-05-04,74.36000061035156,60.753726959228516,18.600000381469727,16.00811767578125
2023-05-05,74.76000213623047,61.080562591552734,18.5,15.922057151794434
2023-05-08,74.55000305175781,60.908939361572266,18.549999237060547,15.96508502960205
2023-05-09,74.36000061035156,60.753726959228516,18.610000610351562,16.016725540161133
2023-05-10,74.80999755859375,61.12138748168945,18.489999771118164,15.913446426391602
2023-05-11,74.69000244140625,61.02335739135742,18.540000915527344,15.956476211547852
2023-05-12,74.41999816894531,60.802734375,18.6200008392334,16.025331497192383
2023-05-15,74.4000015258789,60.78642654418945,18.610000610351562,16.016725540161133
2023-05-16,73.87999725341797,60.36154556274414,18.729999542236328,16.119998931884766
2023-05-17,74.08000183105469,60.524967193603516,18.709999084472656,16.1027889251709
2023-05-18,74.12000274658203,60.557647705078125,18.700000762939453,16.09418487548828
2023-05-19,74.19999694824219,60.62299728393555,18.690000534057617,16.0855770111084
2023-05-22,74.52999877929688,60.89259719848633,18.59000015258789,15.99951171875
2023-05-23,74.13999938964844,60.57396697998047,18.700000762939453,16.09418487548828
2023-05-24,73.62000274658203,60.14912414550781,18.81999969482422,16.197463989257812
2023-05-25,73.56999969482422,60.108280181884766,18.850000381469727,16.223281860351562
2023-05-26,74.0199966430664,60.47593307495117,18.75,16.1372127532959
2023-05-30,74.33999633789062,60.737388610839844,18.65999984741211,16.05975914001465
2023-05-31,74.11000061035156,60.549468994140625,18.719999313354492,16.111398696899414
2023-06-01,74.19999694824219,60.91313171386719,18.600000381469727,16.00811767578125
2023-06-02,74.58000183105469,61.22509765625,18.510000228881836,15.930656433105469
2023-06-05,74.5199966430664,61.175846099853516,18.530000686645508,15.947875022888184
2023-06-06,74.63999938964844,61.27435302734375,18.530000686645508,15.947875022888184
2023-06-07,74.2300033569336,60.93777084350586,18.6200008392334,16.025331497192383
2023-06-08,74.69999694824219,61.32358932495117,18.520000457763672,15.939266204833984
2023-06-09,74.72000122070312,61.34002685546875,18.520000457763672,15.939266204833984
2023-06-12,74.63999938964844,61.27435302734375,18.530000686645508,15.947875022888184
2023-06-13,74.7300033569336,61.34823989868164,18.510000228881836,15.930656433105469
2023-06-14,74.76000213623047,61.37287902832031,18.5,15.922057151794434
2023-06-15,75.12000274658203,61.66840744018555,18.450000762939453,15.879019737243652
2023-06-16,74.93000030517578,61.512428283691406,18.489999771118164,15.913446426391602
2023-06-20,74.7300033569336,61.34823989868164,18.520000457763672,15.939266204833984
2023-06-21,74.54000091552734,61.19224548339844,18.420000076293945,15.998326301574707
2023-06-22,74.31999969482422,61.01164627075195,18.43000030517578,16.00701332092285
2023-06-23,74.19000244140625,60.904937744140625,18.530000686645508,16.093868255615234
2023-06-26,74.2300033569336,60.93777084350586,18.5,16.06781005859375
2023-06-27,74.4800033569336,61.14299774169922,18.440000534057617,16.015695571899414
2023-06-28,74.91000366210938,61.49600601196289,18.360000610351562,15.946216583251953
2023-06-29,74.70999908447266,61.33177947998047,18.40999984741211,15.989640235900879
2023-06-30,75.06999969482422,61.62736511230469,18.31999969482422,15.911474227905273
2023-07-03,74.55000305175781,61.530799865722656,18.329999923706055,15.920157432556152
2023-07-05,74.31999969482422,61.3409538269043,18.399999618530273,15.98095703125
2023-07-06,73.77999877929688,60.89525604248047,18.530000686645508,16.093868255615234
2023-07-07,73.8499984741211,60.953025817871094,18.540000915527344,16.10254669189453
2023-07-10,74.22000122070312,61.258419036865234,18.440000534057617,16.015695571899414
2023-07-11,74.62000274658203,61.58855438232422,18.360000610351562,15.946216583251953
2023-07-12,75.19999694824219,62.06727600097656,18.200000762939453,15.807252883911133
2023-07-13,75.6500015258789,62.438690185546875,18.110000610351562,15.729084014892578
2023-07-14,75.0999984741211,61.98472595214844,18.219999313354492,15.824624061584473
2023-07-17,75.23999786376953,62.10027313232422,18.200000762939453,15.807252883911133
2023-07-18,75.44999694824219,62.27359390258789,18.170000076293945,15.781195640563965
2023-07-19,75.51000213623047,62.32313537597656,18.139999389648438,15.755138397216797
2023-07-20,75.18000030517578,62.05076599121094,18.229999542236328,15.833307266235352
2023-07-21,75.37000274658203,62.207576751708984,18.200000762939453,15.807252883911133
2023-07-24,75.23999786376953,62.10027313232422,18.219999313354492,15.824624061584473
2023-07-25,75.19000244140625,62.05900955200195,18.25,15.850676536560059
2023-07-26,75.48999786376953,62.306610107421875,18.18000030517578,15.789881706237793
2023-07-27,74.88999938964844,61.81141662597656,18.31999969482422,15.911474227905273
2023-07-28,75.31999969482422,62.16632080078125,18.229999542236328,15.833307266235352
2023-07-31,75.5,62.31487274169922,18.18000030517578,15.789881706237793
2023-08-01,74.7699966430664,62.00638961791992,18.280000686645508,15.87673568725586
2023-08-02,74.44999694824219,61.74100112915039,18.3700008392334,15.954899787902832
2023-08-03,74.20999908447266,61.541969299316406,18.43000030517578,16.00701332092285
2023-08-04,74.6500015258789,61.906890869140625,18.31999969482422,15.911474227905273
2023-08-07,74.79000091552734,62.022953033447266,18.299999237060547,15.894104957580566
2023-08-08,74.94999694824219,62.15564727783203,18.270000457763672,15.868047714233398
2023-08-09,74.95999908447266,62.163963317871094,18.280000686645508,15.87673568725586
2023-08-10,74.94000244140625,62.14736557006836,18.290000915527344,15.885418891906738
2023-08-11,74.83000183105469,62.0561408996582,18.31999969482422,15.911474227905273
2023-08-14,74.81999969482422,62.04784393310547,18.31999969482422,15.911474227905273
2023-08-15,74.58000183105469,61.84882354736328,18.3700008392334,15.954899787902832
2023-08-16,74.3499984741211,61.658077239990234,18.420000076293945,15.998326301574707
2023-08-17,74.04000091552734,61.40099334716797,18.530000686645508,16.093868255615234
2023-08-18,74.08999633789062,61.44243621826172,18.5,16.06781005859375
2023-08-21,74.06999969482422,61.425880432128906,18.5,16.06781005859375
2023-08-22,74.11000061035156,61.45904541015625,18.5,16.06781005859375
2023-08-23,74.70999908447266,61.95659637451172,18.350000381469727,15.937530517578125
2023-08-24,74.30000305175781,61.616615295410156,18.479999542236328,16.050439834594727
2023-08-25,74.61000061035156,61.87369155883789,18.399999618530273,15.98095703125
2023-08-28,74.88999938964844,62.10588836669922,18.34000015258789,15.92884349822998
2023-08-29,75.36000061035156,62.49565887451172,18.229999542236328,15.833307266235352
2023-08-30,75.33000183105469,62.47077941894531,18.239999771118164,15.841991424560547
2023-08-31,75.27999877929688,62.42931365966797,18.25,15.850676536560059
2023-09-01,75.06999969482422,62.54679489135742,18.229999542236328,15.833307266235352
2023-09-05,74.58000183105469,62.138553619384766,18.34000015258789,15.92884349822998
2023-09-06,74.4000015258789,61.98857498168945,18.399999618530273,15.98095703125
2023-09-07,74.6500015258789,62.196861267089844,18.350000381469727,15.937530517578125
2023-09-08,74.62000274658203,62.17189025878906,18.350000381469727,15.937530517578125
2023-09-11,74.75,62.28018569946289,18.329999923706055,15.920157432556152
2023-09-12,74.62999725341797,62.1801872253418,18.350000381469727,15.937530517578125
2023-09-13,74.83000183105469,62.34685516357422,18.309999465942383,15.902788162231445
2023-09-14,74.91999816894531,62.42182922363281,18.299999237060547,15.894104957580566
2023-09-15,74.63999938964844,62.18852615356445,18.3700008392334,15.954899787902832
2023-09-18,74.69000244140625,62.23021697998047,18.360000610351562,15.946216583251953
2023-09-19,74.45999908447266,62.03855514526367,18.40999984741211,15.989640235900879
2023-09-20,74.4000015258789,61.98857498168945,18.260000228881836,16.012439727783203
2023-09-21,73.87000274658203,61.54698944091797,18.399999618530273,16.135208129882812
2023-09-22,74.0,61.655311584472656,18.3700008392334,16.108901977539062
2023-09-25,73.9000015258789,61.571964263916016,18.389999389648438,16.12644386291504
2023-09-26,73.58000183105469,61.30535125732422,18.469999313354492,16.19659423828125
2023-09-27,73.4800033569336,61.22201919555664,18.520000457763672,16.240440368652344
2023-09-28,73.83000183105469,61.513648986816406,18.440000534057617,16.170284271240234
2023-09-29,73.72000122070312,61.421993255615234,18.450000762939453,16.179054260253906
2023-10-02,72.88999938964844,61.04929733276367,18.56999969482422,16.284286499023438
2023-10-03,72.1500015258789,60.42951202392578,18.770000457763672,16.459667205810547
2023-10-04,72.5199966430664,60.7393913269043,18.670000076293945,16.37197494506836
2023-10-05,72.58999633789062,60.798004150390625,18.670000076293945,16.37197494506836
2023-10-06,72.69000244140625,60.881805419921875,18.639999389648438,16.345666885375977
2023-10-09,73.2300033569336,61.33406066894531,18.510000228881836,16.23166847229004
2023-10-10,73.20999908447266,61.31730651855469,18.530000686645508,16.249208450317383
2023-10-11,73.19999694824219,61.308937072753906,18.520000457763672,16.240440368652344
2023-10-12,72.80999755859375,60.98230743408203,18.649999618530273,16.354434967041016
2023-10-13,72.75,60.93203353881836,18.65999984741211,16.36320686340332
2023-10-16,72.7300033569336,60.915283203125,18.65999984741211,16.36320686340332
2023-10-17,72.38999938964844,60.6305046081543,18.75,16.442127227783203
2023-10-18,72.04000091552734,60.33736801147461,18.829999923706055,16.51227569580078
2023-10-19,71.77999877929688,60.11960983276367,18.90999984741211,16.582435607910156
2023-10-20,71.93000030517578,60.2452392578125,18.889999389648438,16.564895629882812
2023-10-23,72.22000122070312,60.48811721801758,18.799999237060547,16.485971450805664
2023-10-24,72.58999633789062,60.798004150390625,18.729999542236328,16.42458724975586
2023-10-25,72.19999694824219,60.47135543823242,18.829999923706055,16.51227569580078
2023-10-26,72.44999694824219,60.68077850341797,18.780000686645508,16.468435287475586
2023-10-27,72.36000061035156,60.605377197265625,18.790000915527344,16.477205276489258
2023-10-30,72.37999725341797,60.62212371826172,18.790000915527344,16.477205276489258
2023-10-31,72.56999969482422,60.78126907348633,18.760000228881836,16.450897216796875
2023-11-01,72.87000274658203,61.36061096191406,18.579999923706055,16.293052673339844
2023-11-02,73.69000244140625,62.051090240478516,18.3799991607666,16.1176700592041
2023-11-03,74.41000366210938,62.657371520996094,18.200000762939453,15.95982837677002
2023-11-06,74.11000061035156,62.40476989746094,18.260000228881836,16.012439727783203
2023-11-07,74.12000274658203,62.413177490234375,18.270000457763672,16.021209716796875
2023-11-08,74.16000366210938,62.44684982299805,18.280000686645508,16.02998161315918
2023-11-09,73.69999694824219,62.05952072143555,18.3799991607666,16.1176700592041
2023-11-10,74.05999755859375,62.362667083740234,18.299999237060547,16.04751968383789
2023-11-13,73.98999786376953,62.303714752197266,18.34000015258789,16.08259391784668
2023-11-14,74.73999786376953,62.93524169921875,18.15999984741211,15.924749374389648
2023-11-15,74.5,62.733177185058594,18.200000762939453,15.95982837677002
2023-11-16,74.5999984741211,62.81737518310547,18.200000762939453,15.95982837677002
2023-11-17,74.7699966430664,62.96053695678711,18.149999618530273,15.91598129272461
2023-11-20,74.8499984741211,63.027896881103516,18.139999389648438,15.90721321105957
2023-11-21,74.94999694824219,63.11206817626953,18.1299991607666,15.898438453674316
2023-11-22,75.08000183105469,63.22154998779297,18.09000015258789,15.863364219665527
2023-11-24,75.0,63.154212951660156,18.110000610351562,15.880906105041504
2023-11-27,75.11000061035156,63.24681091308594,18.100000381469727,15.872138023376465
2023-11-28,75.44000244140625,63.52467727661133,18.020000457763672,15.801980972290039
2023-11-29,75.8499984741211,63.86994934082031,17.940000534057617,15.731829643249512
2023-11-30,75.70999908447266,63.752044677734375,17.969999313354492,15.758132934570312
2023-12-01,75.98999786376953,64.27989196777344,17.81999969482422,15.62660026550293
2023-12-04,75.80000305175781,64.11915588378906,17.860000610351562,15.661675453186035
2023-12-05,75.87000274658203,64.17840576171875,17.829999923706055,15.635369300842285
2023-12-06,75.87999725341797,64.18682098388672,17.8700008392334,15.670446395874023
2023-12-07,76.01000213623047,64.29682159423828,17.829999923706055,15.635369300842285
2023-12-08,75.86000061035156,64.16992950439453,17.8799991607666,15.679215431213379
2023-12-11,75.80999755859375,64.12763977050781,17.899999618530273,15.69675350189209
2023-12-12,75.9800033569336,64.27143859863281,17.84000015258789,15.644134521484375
2023-12-13,77.13999938964844,65.25267028808594,17.579999923706055,15.416142463684082
2023-12-14,77.0999984741211,65.54084014892578,17.520000457763672,15.363525390625
2023-12-15,76.93000030517578,65.3963394165039,17.559999465942383,15.398599624633789
2023-12-18,76.9800033569336,65.43885040283203,17.549999237060547,15.38983154296875
2023-12-19,77.19999694824219,65.6258544921875,17.489999771118164,15.337217330932617
2023-12-20,77.20999908447266,65.63436889648438,17.239999771118164,15.347901344299316
2023-12-21,77.55999755859375,65.93187713623047,17.170000076293945,15.2855806350708
2023-12-22,77.47000122070312,65.8553695678711,17.200000762939453,15.312292098999023
2023-12-26,77.62000274658203,65.98289489746094,17.170000076293945,15.2855806350708
2023-12-27,77.94000244140625,66.25493621826172,17.09000015258789,15.214364051818848
2023-12-28,77.69000244140625,66.04238891601562,17.170000076293945,15.2855806350708
2023-12-29,77.38999938964844,65.7873764038086,17.239999771118164,15.347901344299316
2024-01-02,77.12999725341797,65.56635284423828,17.290000915527344,15.392413139343262
2024-01-03,76.91999816894531,65.38784790039062,17.350000381469727,15.445825576782227
2024-01-04,76.62000274658203,65.1328125,17.40999984741211,15.499241828918457
2024-01-05,76.68000030517578,65.18379211425781,17.40999984741211,15.499241828918457
2024-01-08,77.11000061035156,65.54934692382812,17.329999923706055,15.428023338317871
2024-01-09,77.2300033569336,65.65135955810547,17.299999237060547,15.401312828063965
2024-01-10,77.37000274658203,65.77037048339844,17.270000457763672,15.374608993530273
2024-01-11,77.62000274658203,65.98289489746094,17.219999313354492,15.330097198486328
2024-01-12,77.69999694824219,66.05087280273438,17.209999084472656,15.321192741394043
2024-01-16,77.20999908447266,65.63436889648438,17.329999923706055,15.428023338317871
2024-01-17,76.87999725341797,65.35384368896484,17.389999389648438,15.481436729431152
2024-01-18,77.04000091552734,65.48983001708984,17.3700008392334,15.463630676269531
2024-01-19,77.16999816894531,65.6003646850586,17.360000610351562,15.454730033874512
2024-01-22,77.2300033569336,65.65135955810547,17.34000015258789,15.436924934387207
2024-01-23,77.13999938964844,65.5748519897461,17.360000610351562,15.454730033874512
2024-01-24,77.0999984741211,65.54084014892578,17.3700008392334,15.463630676269531
2024-01-25,77.69000244140625,66.04238891601562,17.25,15.356801986694336
2024-01-26,77.62999725341797,65.99137878417969,17.260000228881836,15.365705490112305
2024-01-29,77.80000305175781,66.13591003417969,17.219999313354492,15.330097198486328
2024-01-30,77.69999694824219,66.05087280273438,17.25,15.356801986694336
2024-01-31,77.4800033569336,65.86388397216797,17.290000915527344,15.392413139343262
2024-02-01,77.54000091552734,66.24317169189453,17.219999313354492,15.330097198486328
2024-02-02,77.19000244140625,65.94417572021484,17.299999237060547,15.401312828063965
2024-02-05,76.83000183105469,65.63661193847656,17.3799991607666,15.4725341796875
2024-02-06,77.11000061035156,65.8758316040039,17.31999969482422,15.419119834899902
2024-02-07,77.23999786376953,65.98690032958984,17.290000915527344,15.392413139343262
2024-02-08,77.19999694824219,65.9527359008789,17.299999237060547,15.401312828063965
2024-02-09,77.36000061035156,66.08941650390625,17.270000457763672,15.374608993530273
2024-02-12,77.19000244140625,65.94417572021484,17.309999465942383,15.410218238830566
2024-02-13,76.56999969482422,65.41450500488281,17.450000762939453,15.53485107421875
2024-02-14,76.87000274658203,65.67079162597656,17.389999389648438,15.481436729431152
2024-02-15,77.13999938964844,65.9014663696289,17.350000381469727,15.445825576782227
2024-02-16,76.91000366210938,65.70497131347656,17.399999618530273,15.490344047546387
2024-02-20,77.06999969482422,65.8416519165039,17.3700008392334,15.463630676269531
2024-02-21,76.93000030517578,65.7220687866211,17.399999618530273,15.490344047546387
2024-02-22,77.30000305175781,66.03816223144531,17.31999969482422,15.419119834899902
2024-02-23,77.3499984741211,66.08085632324219,17.329999923706055,15.428023338317871
2024-02-26,77.0999984741211,65.8672866821289,17.389999389648438,15.481436729431152
2024-02-27,77.19999694824219,65.9527359008789,17.360000610351562,15.454730033874512
2024-02-28,77.19000244140625,65.94417572021484,17.3700008392334,15.463630676269531
2024-02-29,77.33000183105469,66.06379699707031,17.34000015258789,15.436924934387207
2024-03-01,77.18000030517578,66.31124114990234,17.299999237060547,15.401312828063965
2024-03-04,77.16000366210938,66.29405212402344,17.299999237060547,15.401312828063965
2024-03-05,77.0999984741211,66.24250030517578,17.309999465942383,15.410218238830566
2024-03-06,77.29000091552734,66.40573120117188,17.280000686645508,15.383511543273926
2024-03-07,77.37999725341797,66.48307800292969,17.25,15.356801986694336
2024-03-08,77.4000015258789,66.50025939941406,17.260000228881836,15.365705490112305
2024-03-11,77.38999938964844,66.49166107177734,17.260000228881836,15.365705490112305
2024-03-12,77.45999908447266,66.55179595947266,17.270000457763672,15.374608993530273
2024-03-13,77.48999786376953,66.57759857177734,17.25,15.356801986694336
2024-03-14,77.12000274658203,66.25968170166016,17.34000015258789,15.436924934387207
2024-03-15,77.06999969482422,66.21672058105469,17.360000610351562,15.454730033874512
2024-03-18,77.25,66.37136840820312,17.329999923706055,15.428023338317871
2024-03-19,77.55999755859375,66.63772583007812,17.25,15.356801986694336
2024-03-20,77.81999969482422,66.86109924316406,17.040000915527344,15.31635570526123
2024-03-21,77.77999877929688,66.82674407958984,17.059999465942383,15.334331512451172
2024-03-22,77.69999694824219,66.75798797607422,17.059999465942383,15.334331512451172
2024-03-25,77.58000183105469,66.65486907958984,17.100000381469727,15.370285987854004
2024-03-26,77.48999786376953,66.57759857177734,17.1299991607666,15.397249221801758
2024-03-27,77.9000015258789,66.9298324584961,17.049999237060547,15.32534122467041
2024-03-28,77.7300033569336,66.78378295898438,17.100000381469727,15.370285987854004
2024-04-01,77.0199966430664,66.5117416381836,17.149999618530273,15.415228843688965
2024-04-02,76.88999938964844,66.39948272705078,17.18000030517578,15.442193031311035
2024-04-03,76.94999694824219,66.45130157470703,17.170000076293945,15.433202743530273
2024-04-04,76.88999938964844,66.39948272705078,17.209999084472656,15.469158172607422
2024-04-05,76.81999969482422,66.33900451660156,17.229999542236328,15.48713207244873
2024-04-08,77.0,66.49447631835938,17.190000534057617,15.451183319091797
2024-04-09,77.16000366210938,66.63265991210938,17.15999984741211,15.424215316772461
2024-04-10,76.4800033569336,66.04544067382812,17.299999237060547,15.550052642822266
2024-04-11,76.41000366210938,65.98500061035156,17.31999969482422,15.568032264709473
2024-04-12,76.37000274658203,65.95045471191406,17.34000015258789,15.586009979248047
2024-04-15,75.93000030517578,65.57046508789062,17.450000762939453,15.684880256652832
2024-04-16,75.68000030517578,65.35457611083984,17.5,15.729827880859375
2024-04-17,75.77999877929688,65.44093322753906,17.479999542236328,15.711847305297852
2024-04-18,75.83999633789062,65.49272918701172,17.479999542236328,15.711847305297852
2024-04-19,75.9800033569336,65.6136474609375,17.450000762939453,15.684880256652832
2024-04-22,76.4000015258789,65.97636413574219,17.3700008392334,15.6129732131958
2024-04-23,76.70999908447266,66.24407196044922,17.299999237060547,15.550052642822266
2024-04-24,76.54000091552734,66.09723663330078,17.329999923706055,15.577021598815918
2024-04-25,76.37999725341797,65.95906066894531,17.3799991607666,15.621962547302246
2024-04-26,76.62000274658203,66.1663589477539,17.350000381469727,15.594995498657227
2024-04-29,76.8499984741211,66.36495208740234,17.299999237060547,15.550052642822266
2024-04-30,76.29000091552734,65.88135528564453,17.350000381469727,15.594995498657227
2024-05-01,76.29000091552734,66.22860717773438,17.31999969482422,15.568032264709473
2024-05-02,76.76000213623047,66.6366195678711,17.239999771118164,15.496125221252441
2024-05-03,77.08000183105469,66.91441345214844,17.15999984741211,15.424215316772461
2024-05-06,77.16999816894531,66.9925537109375,17.139999389648438,15.40623950958252
2024-05-07,77.18000030517578,67.00122833251953,17.149999618530273,15.415228843688965
2024-05-08,77.0,66.84495544433594,17.18000030517578,15.442193031311035
2024-05-09,77.0199966430664,66.86231231689453,17.18000030517578,15.442193031311035
2024-05-10,76.9000015258789,66.75814819335938,17.219999313354492,15.478150367736816
2024-05-13,76.87999725341797,66.74079132080078,17.239999771118164,15.496125221252441
2024-05-14,77.0,66.84495544433594,17.200000762939453,15.460172653198242
2024-05-15,77.44999694824219,67.23560333251953,17.100000381469727,15.370285987854004
2024-05-16,77.2699966430664,67.079345703125,17.149999618530273,15.415228843688965
2024-05-17,77.27999877929688,67.08802032470703,17.170000076293945,15.433202743530273
2024-05-20,77.31999969482422,67.12276458740234,17.170000076293945,15.433202743530273
2024-05-21,77.26000213623047,67.07067108154297,17.170000076293945,15.433202743530273
2024-05-22,77.08999633789062,66.9230728149414,17.219999313354492,15.478150367736816
2024-05-23,76.81999969482422,66.6886978149414,17.290000915527344,15.541067123413086
2024-05-24,77.08999633789062,66.9230728149414,17.229999542236328,15.48713207244873
2024-05-28,76.77999877929688,66.65398406982422,17.299999237060547,15.550052642822266
2024-05-29,76.55000305175781,66.45431518554688,17.350000381469727,15.594995498657227
2024-05-30,76.86000061035156,66.72341918945312,17.290000915527344,15.541067123413086
2024-05-31,77.12999725341797,66.95780944824219,17.25,15.505112648010254
2024-06-03,77.01000213623047,67.16537475585938,17.200000762939453,15.460172653198242
2024-06-04,76.97000122070312,67.13050079345703,17.200000762939453,15.460172653198242
2024-06-05,77.22000122070312,67.3485336303711,17.15999984741211,15.424215316772461
2024-06-06,77.08999633789062,67.23514556884766,17.170000076293945,15.433202743530273
2024-06-07,76.88999938964844,67.06072998046875,17.25,15.505112648010254
2024-06-10,76.95999908447266,67.12178802490234,17.219999313354492,15.478150367736816
2024-06-11,77.05999755859375,67.20899963378906,17.200000762939453,15.460172653198242
2024-06-12,77.37000274658203,67.47936248779297,17.149999618530273,15.415228843688965
2024-06-13,77.36000061035156,67.47064971923828,17.139999389648438,15.40623950958252
2024-06-14,77.05999755859375,67.20899963378906,17.229999542236328,15.48713207244873
2024-06-17,77.11000061035156,67.25260925292969,17.219999313354492,15.478150367736816
2024-06-18,77.3499984741211,67.46192169189453,17.15999984741211,15.424215316772461
2024-06-20,77.30000305175781,67.41830444335938,17.18000030517578,15.442193031311035
2024-06-21,77.38999938964844,67.496826171875,17.18000030517578,15.442193031311035
2024-06-24,77.30999755859375,67.42703247070312,17.18000030517578,15.442193031311035
2024-06-25,77.41000366210938,67.51427459716797,17.18000030517578,15.442193031311035
2024-06-26,77.23999786376953,67.36600494384766,16.979999542236328,15.47591495513916
2024-06-27,77.33000183105469,67.44449615478516,16.979999542236328,15.47591495513916
2024-06-28,77.13999938964844,67.27875518798828,16.940000534057617,15.439459800720215
2024-07-01,76.72000122070312,67.26561737060547,17.040000915527344,15.53060245513916
2024-07-02,76.93000030517578,67.44976043701172,16.989999771118164,15.485030174255371
2024-07-03,77.19999694824219,67.68647003173828,16.940000534057617,15.439459800720215
2024-07-05,77.43000030517578,67.88812255859375,16.889999389648438,15.393889427185059
2024-07-08,77.41000366210938,67.87060546875,16.90999984741211,15.412117004394531
2024-07-09,77.31999969482422,67.79168701171875,16.920000076293945,15.421234130859375
2024-07-10,77.5,67.94950103759766,16.889999389648438,15.393889427185059
2024-07-11,77.77999877929688,68.19499206542969,16.829999923706055,15.339204788208008
2024-07-12,77.9800033569336,68.3703384399414,16.790000915527344,15.30274772644043
2024-07-15,77.98999786376953,68.37910461425781,16.799999237060547,15.311861991882324
2024-07-16,78.29000091552734,68.64215087890625,16.729999542236328,15.248061180114746
2024-07-17,78.19999694824219,68.56321716308594,16.760000228881836,15.275404930114746
2024-07-18,78.04000091552734,68.42296600341797,16.780000686645508,15.293631553649902
2024-07-19,77.9800033569336,68.3703384399414,16.81999969482422,15.330089569091797
2024-07-22,78.2699966430664,68.62459564208984,16.760000228881836,15.275404930114746
2024-07-23,78.27999877929688,68.63336944580078,16.760000228881836,15.275404930114746
2024-07-24,78.02999877929688,68.41419982910156,16.81999969482422,15.330089569091797
2024-07-25,78.04000091552734,68.42296600341797,16.81999969482422,15.330089569091797
2024-07-26,78.29000091552734,68.64215087890625,16.770000457763672,15.284516334533691
2024-07-29,78.22000122070312,68.5807876586914,16.790000915527344,15.30274772644043
2024-07-30,78.26000213623047,68.6158447265625,16.790000915527344,15.30274772644043
2024-07-31,78.54000091552734,68.8613510131836,16.729999542236328,15.248061180114746
2024-08-01,77.95999908447266,68.71063232421875,16.780000686645508,15.293631553649902
2024-08-02,77.69999694824219,68.48146057128906,16.850000381469727,15.357430458068848
2024-08-05,77.22000122070312,68.05841827392578,16.959999084472656,15.457685470581055
2024-08-06,77.51000213623047,68.31400299072266,16.8700008392334,15.375661849975586
2024-08-07,77.66000366210938,68.44622039794922,16.84000015258789,15.348318099975586
2024-08-08,77.9800033569336,68.72824096679688,16.790000915527344,15.30274772644043
2024-08-09,77.97000122070312,68.71943664550781,16.809999465942383,15.320975303649902
2024-08-12,78.0199966430664,68.76350402832031,16.799999237060547,15.311861991882324
2024-08-13,78.37999725341797,69.080810546875,16.729999542236328,15.248061180114746
2024-08-14,78.5199966430664,69.20418548583984,16.700000762939453,15.220719337463379
2024-08-15,78.58999633789062,69.26587677001953,16.690000534057617,15.211604118347168
2024-08-16,78.83999633789062,69.4862289428711,16.649999618530273,15.175148010253906
2024-08-19,78.97000122070312,69.60079956054688,16.610000610351562,15.138691902160645
2024-08-20,78.9000015258789,69.5390853881836,16.639999389648438,15.166031837463379
2024-08-21,79.08000183105469,69.69776153564453,16.610000610351562,15.138691902160645
2024-08-22,78.9800033569336,69.60960388183594,16.639999389648438,15.166031837463379
2024-08-23,79.4000015258789,69.97978210449219,16.540000915527344,15.074894905090332
2024-08-26,79.23999786376953,69.83876037597656,16.59000015258789,15.12045955657959
2024-08-27,79.29000091552734,69.88282775878906,16.579999923706055,15.111346244812012
2024-08-28,79.25,69.84757232666016,16.59000015258789,15.12045955657959
2024-08-29,79.33000183105469,69.91809844970703,16.56999969482422,15.10223388671875
2024-08-30,79.33999633789062,69.92691040039062,16.540000915527344,15.074894905090332
2024-09-03,78.68000030517578,69.6789321899414,16.65999984741211,15.184260368347168
2024-09-04,78.97000122070312,69.93577575683594,16.59000015258789,15.12045955657959
2024-09-05,79.23999786376953,70.17487335205078,16.530000686645508,15.065777778625488
2024-09-06,79.13999938964844,70.08629608154297,16.579999923706055,15.111346244812012
2024-09-09,79.33000183105469,70.25459289550781,16.540000915527344,15.074894905090332
2024-09-10,79.18000030517578,70.1217269897461,16.56999969482422,15.10223388671875
2024-09-11,79.30000305175781,70.22801208496094,16.559999465942383,15.093118667602539
2024-09-12,79.41000366210938,70.3254165649414,16.540000915527344,15.074894905090332
2024-09-13,79.62999725341797,70.52025604248047,16.489999771118164,15.029318809509277
2024-09-16,79.83000183105469,70.6973648071289,16.459999084472656,15.00197696685791
2024-09-17,79.8499984741211,70.71507263183594,16.450000762939453,14.992863655090332
2024-09-18,79.91999816894531,70.77706909179688,16.450000762939453,14.992863655090332
2024-09-19,80.16000366210938,70.98963165283203,16.399999618530273,14.947293281555176
2024-09-20,80.26000213623047,71.07817840576172,16.3799991607666,14.929062843322754
2024-09-23,80.11000061035156,70.94535827636719,16.420000076293945,14.965521812438965
2024-09-24,80.12000274658203,70.95419311523438,16.43000030517578,14.974637031555176
2024-09-25,80.02999877929688,70.87449645996094,16.239999771118164,14.987555503845215
2024-09-26,80.16000366210938,70.98963165283203,16.219999313354492,14.969095230102539
2024-09-27,80.36000061035156,71.16673278808594,16.18000030517578,14.932183265686035
2024-09-30,80.30000305175781,71.11361694335938,16.190000534057617,14.941411972045898
2024-10-01,79.87000274658203,71.07801055908203,16.200000762939453,14.950639724731445
2024-10-02,79.87999725341797,71.0869140625,16.219999313354492,14.969095230102539
2024-10-03,79.69000244140625,70.91783142089844,16.25,14.996783256530762
2024-10-04,79.5999984741211,70.83773803710938,16.270000457763672,15.015242576599121
2024-10-07,79.26000213623047,70.53518676757812,16.350000381469727,15.089073181152344
2024-10-08,79.44999694824219,70.70423889160156,16.31999969482422,15.061386108398438
2024-10-09,79.4000015258789,70.65975189208984,16.31999969482422,15.061386108398438
2024-10-10,79.36000061035156,70.62413787841797,16.329999923706055,15.070615768432617
2024-10-11,79.56999969482422,70.81104278564453,16.309999465942383,15.052155494689941
2024-10-14,79.61000061035156,70.84662628173828,16.290000915527344,15.033699989318848
2024-10-15,79.58999633789062,70.8288345336914,16.309999465942383,15.052155494689941
2024-10-16,79.7300033569336,70.95341491699219,16.270000457763672,15.015242576599121
2024-10-17,79.61000061035156,70.84662628173828,16.31999969482422,15.061386108398438
2024-10-18,79.80000305175781,71.0157241821289,16.290000915527344,15.033699989318848
2024-10-21,79.4800033569336,70.73094177246094,16.350000381469727,15.089073181152344
2024-10-22,79.37000274658203,70.6330337524414,16.3799991607666,15.1167573928833
2024-10-23,79.12999725341797,70.4194564819336,16.40999984741211,15.144444465637207
2024-10-24,79.36000061035156,70.62413787841797,16.389999389648438,15.125985145568848
2024-10-25,79.27999877929688,70.5529556274414,16.420000076293945,15.153674125671387
2024-10-28,79.4800033569336,70.73094177246094,16.3700008392334,15.10753059387207
2024-10-29,79.5,70.74874114990234,16.360000610351562,15.098302841186523
2024-10-30,79.36000061035156,70.62413787841797,16.40999984741211,15.144444465637207
2024-10-31,79.13999938964844,70.42835998535156,16.450000762939453,15.181360244750977
2024-11-01,78.75,70.4328384399414,16.469999313354492,15.19981861114502
2024-11-04,78.97000122070312,70.62960815429688,16.43000030517578,15.162903785705566
2024-11-05,79.19000244140625,70.82637786865234,16.3799991607666,15.1167573928833
2024-11-06,79.33000183105469,70.95158386230469,16.350000381469727,15.089073181152344
2024-11-07,79.66999816894531,71.25566864013672,16.270000457763672,15.015242576599121
2024-11-08,79.80000305175781,71.3719482421875,16.25,14.996783256530762
2024-11-11,79.70999908447266,71.29145050048828,16.270000457763672,15.015242576599121
2024-11-12,79.38999938964844,71.00523376464844,16.34000015258789,15.079841613769531
2024-11-13,79.41000366210938,71.02313232421875,16.34000015258789,15.079841613769531
2024-11-14,79.23999786376953,70.87107849121094,16.3799991607666,15.1167573928833
2024-11-15,79.2300033569336,70.86214447021484,16.399999618530273,15.13521671295166
2024-11-18,79.37999725341797,70.99629211425781,16.3799991607666,15.1167573928833
2024-11-19,79.5,71.10362243652344,16.329999923706055,15.070615768432617
2024-11-20,79.4800033569336,71.08574676513672,16.350000381469727,15.089073181152344
2024-11-21,79.51000213623047,71.1125717163086,16.360000610351562,15.098302841186523
2024-11-22,79.48999786376953,71.09468078613281,16.360000610351562,15.098302841186523
2024-11-25,79.79000091552734,71.36300659179688,16.309999465942383,15.052155494689941
2024-11-26,79.63999938964844,71.22882843017578,16.34000015258789,15.079841613769531
2024-11-27,79.87999725341797,71.4435043334961,16.280000686645508,15.0244722366333
2024-11-29,80.04000091552734,71.58659362792969,16.270000457763672,15.015242576599121
2024-12-02,79.6500015258789,71.5605239868164,16.270000457763672,15.015242576599121
2024-12-03,79.6500015258789,71.5605239868164,16.290000915527344,15.033699989318848
2024-12-04,79.83999633789062,71.73123168945312,16.25,14.996783256530762
2024-12-05,79.7699966430664,71.66835021972656,16.260000228881836,15.006012916564941
2024-12-06,79.9000015258789,71.78515625,16.239999771118164,14.987555503845215
2024-12-09,79.80000305175781,71.6953125,16.260000228881836,15.006012916564941
2024-12-10,79.83999633789062,71.73123168945312,16.260000228881836,15.006012916564941
2024-12-11,79.86000061035156,71.74920654296875,16.270000457763672,15.015242576599121
2024-12-12,79.63999938964844,71.55155944824219,16.299999237060547,15.042927742004395
2024-12-13,79.41000366210938,71.34490203857422,16.3799991607666,15.1167573928833
2024-12-16,79.55999755859375,71.47968292236328,16.34000015258789,15.079841613769531
2024-12-17,79.38999938964844,71.32695007324219,16.3799991607666,15.1167573928833
2024-12-18,78.16999816894531,70.59453582763672,16.540000915527344,15.264422416687012
2024-12-19,78.08999633789062,70.52228546142578,16.559999465942383,15.282875061035156
2024-12-20,78.58000183105469,70.96479797363281,16.489999771118164,15.218273162841797
2024-12-23,78.37000274658203,70.77515411376953,16.190000534057617,15.256913185119629
2024-12-24,78.62000274658203,71.00094604492188,16.1299991607666,15.200368881225586
2024-12-26,78.81999969482422,71.18155670166016,16.100000381469727,15.172098159790039
2024-12-27,78.55000305175781,70.9377212524414,16.149999618530273,15.219218254089355
2024-12-30,78.66000366210938,71.03704071044922,16.139999389648438,15.209793090820312
2024-12-31,78.6500015258789,71.02801513671875,16.149999618530273,15.219218254089355
2025-01-02,78.83999633789062,71.19961547851562,16.110000610351562,15.181523323059082
2025-01-03,78.95999908447266,71.30799102783203,16.09000015258789,15.162675857543945
2025-01-06,79.0999984741211,71.43440246582031,16.06999969482422,15.143827438354492
2025-01-07,78.83999633789062,71.19961547851562,16.1200008392334,15.190947532653809
2025-01-08,78.94000244140625,71.28992462158203,16.110000610351562,15.181523323059082
2025-01-10,78.52999877929688,70.91963958740234,16.209999084472656,15.275757789611816
2025-01-13,78.51000213623047,70.901611328125,16.219999313354492,15.285181045532227
2025-01-14,78.61000061035156,70.99191284179688,16.190000534057617,15.256913185119629
2025-01-15,79.30000305175781,71.61502838134766,16.06999969482422,15.143827438354492
2025-01-16,79.38999938964844,71.69630432128906,16.040000915527344,15.115559577941895
2025-01-17,79.45999908447266,71.759521484375,16.040000915527344,15.115559577941895
2025-01-21,79.66999816894531,71.94917297363281,16.0,15.077862739562988
2025-01-22,79.55999755859375,71.84983825683594,16.020000457763672,15.096710205078125
2025-01-23,79.66000366210938,71.94014739990234,16.010000228881836,15.087285995483398
2025-01-24,79.75,72.02142333984375,16.010000228881836,15.087285995483398
2025-01-27,79.80999755859375,72.07561492919922,15.979999542236328,15.059014320373535
2025-01-28,79.77999877929688,72.04851531982422,15.989999771118164,15.068439483642578
2025-01-29,79.7300033569336,72.00337219238281,16.020000457763672,15.096710205078125
2025-01-30,79.87999725341797,72.13880920410156,15.979999542236328,15.059014320373535
2025-01-31,79.72000122070312,71.99432373046875,16.020000457763672,15.096710205078125
2025-02-03,79.26000213623047,71.90360260009766,16.040000915527344,15.115559577941895
2025-02-04,79.51000213623047,72.13040161132812,16.0,15.077862739562988
2025-02-05,79.72000122070312,72.32093048095703,15.960000038146973,15.040167808532715
2025-02-06,79.5999984741211,72.2120361328125,15.989999771118164,15.068439483642578
2025-02-07,79.3499984741211,71.98526000976562,16.040000915527344,15.115559577941895
2025-02-10,79.51000213623047,72.13040161132812,16.020000457763672,15.096710205078125
2025-02-11,79.4800033569336,72.10320281982422,16.020000457763672,15.096710205078125
2025-02-12,79.30999755859375,71.94895935058594,16.049999237060547,15.124979972839355
2025-02-13,79.66999816894531,72.2755355834961,15.989999771118164,15.068439483642578
2025-02-14,79.76000213623047,72.35720825195312,15.970000267028809,15.049592018127441
2025-02-18,79.69000244140625,72.29370880126953,16.010000228881836,15.087285995483398
2025-02-19,79.75,72.34813690185547,16.010000228881836,15.087285995483398
2025-02-20,79.80000305175781,72.39350128173828,15.989999771118164,15.068439483642578
2025-02-21,79.6500015258789,72.2574234008789,16.030000686645508,15.106133460998535
2025-02-24,79.75,72.34813690185547,16.010000228881836,15.087285995483398
2025-02-25,79.94999694824219,72.5295639038086,15.979999542236328,15.059014320373535
2025-02-26,80.05999755859375,72.62935638427734,15.949999809265137,15.030742645263672
2025-02-27,79.91000366210938,72.49329376220703,15.989999771118164,15.068439483642578
2025-02-28,80.12999725341797,72.6928482055664,15.960000038146973,15.040167808532715
2025-03-03,79.58999633789062,72.54154968261719,16.0,15.077862739562988
2025-03-04,79.58000183105469,72.53246307373047,16.010000228881836,15.087285995483398
2025-03-05,79.62000274658203,72.56890869140625,15.989999771118164,15.068439483642578
2025-03-06,79.31999969482422,72.29547119140625,16.059999465942383,15.134403228759766
2025-03-07,79.44999694824219,72.41397094726562,16.040000915527344,15.115559577941895
2025-03-10,79.1500015258789,72.14051818847656,16.09000015258789,15.162675857543945
2025-03-11,78.87000274658203,71.88531494140625,16.170000076293945,15.23806381225586
2025-03-12,78.95999908447266,71.96736907958984,16.149999618530273,15.219218254089355
2025-03-13,78.5199966430664,71.5663070678711,16.219999313354492,15.285181045532227
2025-03-14,78.87999725341797,71.8944320678711,16.170000076293945,15.23806381225586
2025-03-17,79.06999969482422,72.067626953125,16.1299991607666,15.200368881225586
2025-03-18,78.93000030517578,71.94001770019531,16.15999984741211,15.228642463684082
2025-03-19,79.44999694824219,72.41397094726562,16.06999969482422,15.143827438354492
2025-03-20,79.33999633789062,72.3136978149414,16.100000381469727,15.172098159790039
2025-03-21,79.22000122070312,72.20433807373047,16.1200008392334,15.190947532653809
2025-03-24,79.44999694824219,72.41397094726562,16.06999969482422,15.143827438354492
2025-03-25,79.41000366210938,72.37750244140625,16.09000015258789,15.162675857543945
2025-03-26,79.08999633789062,72.08585357666016,16.059999465942383,15.225244522094727
2025-03-27,78.94000244140625,71.9491195678711,16.09000015258789,15.253684997558594
2025-03-28,78.80000305175781,71.82151794433594,16.1200008392334,15.282125473022461
2025-03-31,78.88999938964844,71.90354919433594,16.1200008392334,15.282125473022461
2025-04-01,78.69000244140625,72.07025146484375,16.079999923706055,15.244205474853516
2025-04-02,78.8499984741211,72.216796875,16.040000915527344,15.206284523010254
2025-04-03,77.87000274658203,71.31922912597656,16.239999771118164,15.395888328552246
2025-04-04,76.76000213623047,70.30262756347656,16.5,15.642374038696289
2025-04-07,76.0999984741211,69.69813537597656,16.68000030517578,15.813017845153809
2025-04-08,75.75,69.37757873535156,16.709999084472656,15.841455459594727
2025-04-09,77.77999877929688,71.23680877685547,16.260000228881836,15.414849281311035
2025-04-10,76.51000213623047,70.07364654541016,16.540000915527344,15.680295944213867
2025-04-11,76.73999786376953,70.2842788696289,16.5,15.642374038696289
2025-04-14,77.12000274658203,70.63231658935547,16.40999984741211,15.557053565979004
2025-04-15,77.33000183105469,70.82464599609375,16.360000610351562,15.509651184082031
2025-04-16,77.31999969482422,70.81548309326172,16.3700008392334,15.51913070678711
2025-04-17,77.7699966430664,71.22761535644531,16.299999237060547,15.452768325805664
2025-04-21,77.30999755859375,70.80635070800781,16.389999389648438,15.538090705871582
2025-04-22,77.61000061035156,71.08110046386719,16.31999969482422,15.471731185913086
2025-04-23,78.0,71.43828582763672,16.25,15.405369758605957
2025-04-24,78.69999694824219,72.07940673828125,16.110000610351562,15.272645950317383
2025-04-25,78.7699966430664,72.14350891113281,16.09000015258789,15.253684997558594
2025-04-28,78.80999755859375,72.1801528930664,16.100000381469727,15.263166427612305
2025-04-29,79.0199966430664,72.37248992919922,16.040000915527344,15.206284523010254
2025-04-30,78.5999984741211,71.98780822753906,16.1299991607666,15.291605949401855
2025-05-01,78.30000305175781,72.08079528808594,16.1200008392334,15.282125473022461
2025-05-02,78.54000091552734,72.30174255371094,16.06999969482422,15.234724998474121
2025-05-05,78.51000213623047,72.27412414550781,16.079999923706055,15.244205474853516
2025-05-06,78.44999694824219,72.21887969970703,16.100000381469727,15.263166427612305
2025-05-07,78.5199966430664,72.2833023071289,16.100000381469727,15.263166427612305
2025-05-08,78.5,72.26493072509766,16.09000015258789,15.253684997558594
2025-05-09,78.55000305175781,72.31092834472656,16.100000381469727,15.263166427612305
2025-05-12,79.33000183105469,73.02899932861328,15.930000305175781,15.102002143859863
2025-05-13,79.47000122070312,73.1578598022461,15.90999984741211,15.083041191101074
2025-05-14,79.18000030517578,72.89089965820312,15.970000267028809,15.139922142028809
2025-05-15,79.33000183105469,73.02899932861328,15.949999809265137,15.120962142944336
2025-05-16,79.41999816894531,73.11183166503906,15.9399995803833,15.111480712890625
2025-05-19,79.37999725341797,73.07501983642578,15.949999809265137,15.120962142944336
2025-05-20,79.33999633789062,73.0381851196289,15.960000038146973,15.13044261932373
2025-05-21,78.80999755859375,72.55029296875,16.059999465942383,15.225244522094727
2025-05-22,78.97000122070312,72.69759368896484,16.049999237060547,15.215764045715332
2025-05-23,78.94999694824219,72.67916107177734,16.06999969482422,15.234724998474121
2025-05-27,79.43000030517578,73.12103271484375,15.970000267028809,15.139922142028809
2025-05-28,79.37999725341797,73.07501983642578,15.970000267028809,15.139922142028809
2025-05-29,79.5,73.18547821044922,15.970000267028809,15.139922142028809
2025-05-30,79.56999969482422,73.2499008178711,15.960000038146973,15.13044261932373
2025-06-02,79.18000030517578,73.23696899414062,15.949999809265137,15.120962142944336
2025-06-03,79.33000183105469,73.37572479248047,15.930000305175781,15.102002143859863
2025-06-04,79.4800033569336,73.51445770263672,15.899999618530273,15.073559761047363
2025-06-05,79.30999755859375,73.35719299316406,15.9399995803833,15.111480712890625
2025-06-06,79.30000305175781,73.34796142578125,15.960000038146973,15.13044261932373
2025-06-09,79.33999633789062,73.38494873046875,15.9399995803833,15.111480712890625
2025-06-10,79.52999877929688,73.56070709228516,15.90999984741211,15.083041191101074
2025-06-11,79.51000213623047,73.54219818115234,15.920000076293945,15.092521667480469
2025-06-12,79.5999984741211,73.62543487548828,15.899999618530273,15.073559761047363
2025-06-13,79.36000061035156,73.4034652709961,15.970000267028809,15.139922142028809
2025-06-16,79.5199966430664,73.55142974853516,15.9399995803833,15.111480712890625
2025-06-17,79.43000030517578,73.46820831298828,15.960000038146973,15.13044261932373
2025-06-18,79.55000305175781,73.57920837402344,15.9399995803833,15.111480712890625
2025-06-20,79.80000305175781,73.81044006347656,15.90999984741211,15.083041191101074
2025-06-23,79.94999694824219,73.94918823242188,15.880000114440918,15.05459976196289
2025-06-24,80.16999816894531,74.15267944335938,15.84000015258789,15.016679763793945
2025-06-25,80.1500015258789,74.13417053222656,15.680000305175781,15.012849807739258
2025-06-26,80.37999725341797,74.34690856933594,15.649999618530273,14.984126091003418
2025-06-27,80.33999633789062,74.30989837646484,15.65999984741211,14.99370002746582
2025-06-30,80.6500015258789,74.59662628173828,15.609999656677246,14.94582748413086
2025-07-01,80.16999816894531,74.50279235839844,15.619999885559082,14.955402374267578
2025-07-02,80.31999969482422,74.64217376708984,15.600000381469727,14.93625545501709
2025-07-03,80.37000274658203,74.68865203857422,15.600000381469727,14.93625545501709
2025-07-07,80.0999984741211,74.4377212524414,15.65999984741211,14.99370002746582
2025-07-08,79.98999786376953,74.33549499511719,15.680000305175781,15.012849807739258
2025-07-09,80.20999908447266,74.53995513916016,15.640000343322754,14.9745512008667
2025-07-10,80.12999725341797,74.46559143066406,15.649999618530273,14.984126091003418
2025-07-11,80.02999877929688,74.3726577758789,15.680000305175781,15.012849807739258
2025-07-14,80.08999633789062,74.42842102050781,15.680000305175781,15.012849807739258
2025-07-15,79.8499984741211,74.20540618896484,15.720000267028809,15.051149368286133
2025-07-16,80.05999755859375,74.40055084228516,15.680000305175781,15.012849807739258
2025-07-17,80.13999938964844,74.47489929199219,15.670000076293945,15.003274917602539
2025-07-18,80.25,74.57713317871094,15.649999618530273,14.984126091003418
2025-07-21,80.36000061035156,74.67935943603516,15.640000343322754,14.9745512008667
2025-07-22,80.5,74.80944061279297,15.619999885559082,14.955402374267578
2025-07-23,80.54000091552734,74.84661865234375,15.619999885559082,14.955402374267578
2025-07-24,80.44000244140625,74.75369262695312,15.600000381469727,14.93625545501709
2025-07-25,80.48999786376953,74.8001480102539,15.619999885559082,14.955402374267578
2025-07-28,80.44999694824219,74.7629623413086,15.649999618530273,14.984126091003418
2025-07-29,80.5,74.80944061279297,15.649999618530273,14.984126091003418
2025-07-30,80.33000183105469,74.65147399902344,15.65999984741211,14.99370002746582
2025-07-31,80.37999725341797,74.69793701171875,15.65999984741211,14.99370002746582
2025-08-01,79.9800033569336,74.70166015625,15.670000076293945,15.003274917602539
2025-08-04,80.25,74.953857421875,15.640000343322754,14.9745512008667
2025-08-05,80.20999908447266,74.91649627685547,15.649999618530273,14.984126091003418
2025-08-06,80.29000091552734,74.9912109375,15.630000114440918,14.96497631072998
2025-08-07,80.20999908447266,74.91649627685547,15.649999618530273,14.984126091003418
2025-08-08,80.22000122070312,74.92581939697266,15.65999984741211,14.99370002746582
2025-08-11,80.22000122070312,74.92581939697266,15.65999984741211,14.99370002746582
2025-08-12,80.4000015258789,75.09394836425781,15.630000114440918,14.96497631072998
2025-08-13,80.61000061035156,75.29010009765625,15.59000015258789,14.926680564880371
2025-08-14,80.4000015258789,75.09394836425781,15.619999885559082,14.955402374267578
2025-08-15,80.45999908447266,75.14997863769531,15.640000343322754,14.9745512008667
2025-08-18,80.4000015258789,75.09394836425781,15.640000343322754,14.9745512008667
2025-08-19,80.37999725341797,75.07526397705078,15.649999618530273,14.984126091003418
2025-08-20,80.3499984741211,75.04723358154297,15.65999984741211,14.99370002746582
2025-08-21,80.19999694824219,74.90713500976562,15.680000305175781,15.012849807739258
2025-08-22,80.8499984741211,75.51424407958984,15.579999923706055,14.917104721069336
2025-08-25,80.69000244140625,75.36480712890625,15.609999656677246,14.94582748413086
2025-08-26,80.87000274658203,75.53292846679688,15.579999923706055,14.917104721069336
2025-08-27,80.97000122070312,75.62632751464844,15.5600004196167,14.897954940795898
2025-08-28,81.01000213623047,75.6636962890625,15.569999694824219,14.907530784606934
2025-08-29,80.86000061035156,75.52359008789062,15.59000015258789,14.926680564880371
2025-09-02,80.38999938964844,75.44193267822266,15.619999885559082,14.955402374267578
2025-09-03,80.61000061035156,75.6484146118164,15.579999923706055,14.917104721069336
2025-09-04,80.83000183105469,75.85486602783203,15.529999732971191,14.869230270385742
2025-09-05,80.87000274658203,75.89241027832031,15.539999961853027,14.878806114196777
2025-09-08,80.87000274658203,75.89241027832031,15.539999961853027,14.878806114196777
2025-09-09,80.77999877929688,75.80795288085938,15.640000343322754,14.9745512008667
2025-09-10,80.83999633789062,75.86425018310547,15.5600004196167,14.897954940795898
2025-09-11,81.04000091552734,76.05192565917969,15.529999732971191,14.869230270385742
2025-09-12,80.95999908447266,75.97685241699219,15.529999732971191,14.869230270385742
2025-09-15,81.19000244140625,76.19271087646484,15.510000228881836,14.850082397460938
2025-09-16,81.12999725341797,76.13639831542969,15.510000228881836,14.850082397460938
2025-09-17,81.05000305175781,76.06131744384766,15.539999961853027,14.878806114196777
2025-09-18,81.2300033569336,76.23026275634766,15.510000228881836,14.850082397460938
2025-09-19,81.26000213623047,76.2583999633789,15.510000228881836,14.850082397460938
2025-09-22,81.31999969482422,76.31470489501953,15.489999771118164,14.830933570861816
2025-09-23,81.26000213623047,76.2583999633789,15.520000457763672,14.859657287597656
2025-09-24,81.1500015258789,76.15515899658203,15.359999656677246,14.869338035583496
2025-09-25,80.91999816894531,75.93932342529297,15.420000076293945,14.927420616149902
2025-09-26,81.08000183105469,76.08946990966797,15.390000343322754,14.8983793258667
2025-09-29,81.22000122070312,76.22085571289062,15.369999885559082,14.87901782989502
2025-09-30,81.19000244140625,76.19271087646484,15.380000114440918,14.88869857788086
2025-10-01,80.95999908447266,76.3350830078125,15.350000381469727,14.859657287597656
2025-10-02,80.93000030517578,76.30679321289062,15.350000381469727,14.859657287597656
2025-10-03,80.83999633789062,76.221923828125,15.369999885559082,14.87901782989502
2025-10-06,80.86000061035156,76.24079132080078,15.390000343322754,14.8983793258667
2025-10-07,80.7699966430664,76.15593719482422,15.390000343322754,14.8983793258667
2025-10-08,80.6500015258789,76.04277801513672,15.430000305175781,14.937103271484375
2025-10-09,80.41999816894531,75.82592010498047,15.470000267028809,14.975825309753418
2025-10-10,79.94999694824219,75.38277435302734,15.579999923706055,15.082310676574707
2025-10-13,80.44999694824219,75.85419464111328,15.479999542236328,14.985504150390625
2025-10-14,80.54000091552734,75.9390640258789,15.460000038146973,14.966143608093262
2025-10-15,80.80000305175781,76.18421936035156,15.40999984741211,14.917739868164062
2025-10-16,80.51000213623047,75.91078186035156,15.460000038146973,14.966143608093262
2025-10-17,80.72000122070312,76.10877990722656,15.449999809265137,14.956463813781738
2025-10-20,80.87999725341797,76.25963592529297,15.420000076293945,14.927420616149902
2025-10-21,80.76000213623047,76.14649963378906,15.430000305175781,14.937103271484375
2025-10-22,80.68000030517578,76.07107543945312,15.449999809265137,14.956463813781738
2025-10-23,80.86000061035156,76.24079132080078,15.4399995803833,14.946782112121582
2025-10-24,81.08000183105469,76.4482192993164,15.390000343322754,14.8983793258667
2025-10-27,81.27999877929688,76.63679504394531,15.350000381469727,14.859657287597656
2025-10-28,81.19999694824219,76.56136322021484,15.380000114440918,14.88869857788086
2025-10-29,80.94999694824219,76.32565307617188,15.430000305175781,14.937103271484375
2025-10-30,80.80000305175781,76.18421936035156,15.460000038146973,14.966143608093262
2025-10-31,80.80000305175781,76.18421936035156,15.460000038146973,14.966143608093262
2025-11-03,80.13999938964844,75.94730377197266,15.5,15.004865646362305
2025-11-04,80.1500015258789,75.95677947998047,15.520000457763672,15.024227142333984
2025-11-05,80.2300033569336,76.03257751464844,15.5,15.004865646362305
2025-11-06,80.26000213623047,76.06101989746094,15.489999771118164,14.995184898376465
2025-11-07,80.33000183105469,76.12735748291016,15.5,15.004865646362305
2025-11-10,80.5999984741211,76.38323211669922,15.449999809265137,14.956463813781738
2025-11-11,80.69000244140625,76.46852111816406,15.420000076293945,14.927420616149902
2025-11-12,80.52999877929688,76.31688690185547,15.449999809265137,14.956463813781738
2025-11-13,80.19999694824219,76.00415802001953,15.520000457763672,15.024227142333984
2025-11-14,80.22000122070312,76.02310943603516,15.529999732971191,15.033905982971191
2025-11-17,80.08999633789062,75.89991760253906,15.550000190734863,15.053268432617188
2025-11-18,80.11000061035156,75.91887664794922,15.569999694824219,15.072629928588867
2025-11-19,80.1500015258789,75.95677947998047,15.5600004196167,15.062949180603027
2025-11-20,80.0999984741211,75.90939331054688,15.569999694824219,15.072629928588867
2025-11-21,80.37000274658203,76.16527557373047,15.529999732971191,15.033905982971191
2025-11-24,80.58999633789062,76.37374114990234,15.489999771118164,14.995184898376465
2025-11-25,80.87000274658203,76.63910675048828,15.430000305175781,14.937103271484375
2025-11-26,80.94999694824219,76.71492004394531,15.430000305175781,14.937103271484375
2025-11-28,80.98999786376953,76.75282287597656,15.430000305175781,14.937103271484375
2025-12-01,80.47000122070312,76.61479187011719,15.449999809265137,14.956463813781738
2025-12-02,80.62000274658203,76.7575912475586,15.430000305175781,14.937103271484375
2025-12-03,80.69000244140625,76.82423400878906,15.420000076293945,14.927420616149902
2025-12-04,80.75,76.88136291503906,15.40999984741211,14.917739868164062
2025-12-05,80.75,76.88136291503906,15.430000305175781,14.937103271484375
2025-12-08,80.55000305175781,76.69093322753906,15.470000267028809,14.975825309753418
2025-12-09,80.45999908447266,76.60525512695312,15.489999771118164,14.995184898376465
2025-12-10,80.7300033569336,76.86231994628906,15.430000305175781,14.937103271484375
2025-12-11,80.72000122070312,76.85279083251953,15.4399995803833,14.946782112121582
2025-12-12,80.56999969482422,76.70997619628906,15.470000267028809,14.975825309753418
2025-12-15,80.61000061035156,76.7480697631836,15.470000267028809,14.975825309753418
2025-12-16,80.66000366210938,76.7956771850586,15.470000267028809,14.975825309753418
2025-12-17,80.55999755859375,76.7004623413086,15.479999542236328,14.985504150390625
2025-12-18,80.77999877929688,76.90992736816406,15.449999809265137,14.956463813781738
2025-12-19,80.36000061035156,76.87262725830078,15.449999809265137,14.956463813781738
2025-12-22,80.43000030517578,76.9395751953125,15.449999809265137,14.956463813781738
2025-12-23,80.48999786376953,76.99696350097656,15.4399995803833,14.946782112121582
2025-12-24,80.63999938964844,77.14045715332031,15.260000228881836,14.934059143066406
2025-12-26,80.5999984741211,77.1021957397461,15.260000228881836,14.934059143066406
2025-12-29,80.62999725341797,77.13089752197266,15.260000228881836,14.934059143066406
2025-12-30,80.70999908447266,77.20744323730469,15.25,14.924273490905762
2025-12-31,80.62999725341797,77.13089752197266,15.260000228881836,14.934059143066406
2026-01-02,80.66999816894531,77.16917419433594,15.270000457763672,14.943846702575684
2026-01-05,80.87999725341797,77.37003326416016,15.239999771118164,14.9144868850708
2026-01-06,80.9000015258789,77.3891830444336,15.239999771118164,14.9144868850708
2026-01-07,80.87999725341797,77.37003326416016,15.239999771118164,14.9144868850708
2026-01-08,80.94000244140625,77.42745208740234,15.229999542236328,14.90470027923584
2026-01-09,81.0,77.4848403930664,15.220000267028809,14.894913673400879
2026-01-12,81.04000091552734,77.52310180664062,15.229999542236328,14.90470027923584
2026-01-13,81.04000091552734,77.52310180664062,15.220000267028809,14.894913673400879
2026-01-14,81.04000091552734,77.52310180664062,15.229999542236328,14.90470027923584
2026-01-15,81.04000091552734,77.52310180664062,15.229999542236328,14.90470027923584
2026-01-16,81.08999633789062,77.57093811035156,15.229999542236328,14.90470027923584
2026-01-20,80.87999725341797,77.37003326416016,15.260000228881836,14.934059143066406
2026-01-21,81.12000274658203,77.59965515136719,15.229999542236328,14.90470027923584
2026-01-22,81.18000030517578,77.65702819824219,15.210000038146973,14.885128021240234
2026-01-23,81.13999938964844,77.61876678466797,15.229999542236328,14.90470027923584
2026-01-26,81.18000030517578,77.65702819824219,15.229999542236328,14.90470027923584
2026-01-27,81.16999816894531,77.6474609375,15.239999771118164,14.9144868850708
2026-01-28,81.04000091552734,77.52310180664062,15.260000228881836,14.934059143066406
2026-01-29,81.02999877929688,77.51353454589844,15.260000228881836,14.934059143066406
2026-01-30,81.12000274658203,77.59965515136719,15.260000228881836,14.934059143066406
2026-02-02,80.7699966430664,77.64673614501953,15.25,14.924273490905762
2026-02-03,80.72000122070312,77.59867858886719,15.260000228881836,14.934059143066406
2026-02-04,80.62000274658203,77.5025405883789,15.289999961853027,14.963418960571289
2026-02-05,80.52999877929688,77.416015625,15.289999961853027,14.963418960571289
2026-02-06,80.80999755859375,77.6851806640625,15.260000228881836,14.934059143066406
2026-02-09,80.91999816894531,77.79093933105469,15.239999771118164,14.9144868850708
2026-02-10,80.83999633789062,77.71402740478516,15.25,14.924273490905762
2026-02-11,80.83000183105469,77.70442199707031,15.260000228881836,14.934059143066406
2026-02-12,80.79000091552734,77.66596221923828,15.279999732971191,14.953632354736328
2026-02-13,80.8499984741211,77.72364044189453,15.270000457763672,14.943846702575684
2026-02-17,80.80999755859375,77.6851806640625,15.279999732971191,14.953632354736328
2026-02-18,80.91000366210938,77.78132629394531,15.260000228881836,14.934059143066406
2026-02-19,80.94000244140625,77.81017303466797,15.270000457763672,14.943846702575684
2026-02-20,81.0,77.86784362792969,15.260000228881836,14.934059143066406
2026-02-23,80.87000274658203,77.74287414550781,15.289999961853027,14.963418960571289
2026-02-24,80.80999755859375,77.6851806640625,15.300000190734863,14.97320556640625
2026-02-25,80.91999816894531,77.79093933105469,15.279999732971191,14.953632354736328
2026-02-26,80.8499984741211,77.72364044189453,15.300000190734863,14.97320556640625
2026-02-27,80.72000122070312,77.59867858886719,15.329999923706055,15.0025634765625
2026-03-02,80.27999877929688,77.55422973632812,15.34000015258789,15.012351036071777
2026-03-03,80.12000274658203,77.399658203125,15.369999885559082,15.04171085357666
2026-03-04,80.4000015258789,77.67017364501953,15.319999694824219,14.992777824401855
2026-03-05,80.08000183105469,77.36102294921875,15.399999618530273,15.07106876373291
2026-03-06,79.69000244140625,76.9842758178711,15.460000038146973,15.129788398742676
2026-03-09,80.16999816894531,77.44796752929688,15.390000343322754,15.061283111572266
2026-03-10,80.04000091552734,77.32239532470703,15.40999984741211,15.080855369567871
2026-03-11,79.86000061035156,77.14849090576172,15.449999809265137,15.120000839233398
2026-03-12,79.3499984741211,76.65580749511719,15.539999961853027,15.20807933807373
2026-03-13,79.19999694824219,76.51090240478516,15.579999923706055,15.247224807739258
2026-03-16,79.44999694824219,76.75241088867188,15.539999961853027,15.20807933807373
2026-03-17,79.80999755859375,77.10018920898438,15.470000267028809,15.13957405090332
2026-03-18,79.4000015258789,76.70410919189453,15.5600004196167,15.227651596069336
2026-03-19,79.66000366210938,76.95529174804688,15.510000228881836,15.178720474243164
2026-03-20,78.91999816894531,76.24041748046875,15.640000343322754,15.305943489074707
2026-03-23,79.44000244140625,76.74275970458984,15.5600004196167,15.227651596069336
2026-03-24,79.16999816894531,76.48192596435547,15.609999656677246,15.276583671569824
2026-03-25,79.41999816894531,76.72342681884766,15.520000457763672,15.220684051513672
2026-03-26,78.91999816894531,76.24041748046875,15.630000114440918,15.32856273651123
2026-03-27,78.72000122070312,76.04720306396484,15.680000305175781,15.377598762512207
2026-03-30,78.80999755859375,76.13414001464844,15.65999984741211,15.357983589172363
2026-03-31,79.55999755859375,76.85867309570312,15.5,15.201068878173828
2026-04-01,79.37000274658203,77.04701232910156,15.479999542236328,15.1814546585083
2026-04-02,79.55999755859375,77.23143768310547,15.430000305175781,15.13241958618164
2026-04-06,79.69999694824219,77.36734771728516,15.399999618530273,15.102996826171875
2026-04-07,79.72000122070312,77.38675689697266,15.40999984741211,15.112805366516113
2026-04-08,80.19000244140625,77.84300231933594,15.3100004196167,15.014734268188477
2026-04-09,80.27999877929688,77.93036651611328,15.300000190734863,15.004926681518555
2026-04-10,79.95999908447266,77.6197280883789,15.359999656677246,15.063769340515137
2026-04-13,80.26000213623047,77.91095733642578,15.3100004196167,15.014734268188477
2026-04-14,80.5,78.14392852783203,15.270000457763672,14.975504875183105
2026-04-15,80.45999908447266,78.1051025390625,15.279999732971191,14.985312461853027
2026-04-16,80.3499984741211,77.99832153320312,15.300000190734863,15.004926681518555
2026-04-17,80.6500015258789,78.28954315185547,15.25,14.955890655517578
2026-04-20,80.58000183105469,78.22158813476562,15.260000228881836,14.9656982421875
2026-04-21,80.37000274658203,78.01773834228516,15.289999961853027,14.995119094848633
2026-04-22,80.5,78.14392852783203,15.279999732971191,14.985312461853027
2026-04-23,80.37000274658203,78.01773834228516,15.300000190734863,15.004926681518555
2026-04-24,80.4800033569336,78.12452697753906,15.289999961853027,14.995119094848633
2026-04-27,80.51000213623047,78.15364074707031,15.279999732971191,14.985312461853027
2026-04-28,80.4000015258789,78.04686737060547,15.3100004196167,15.014734268188477
2026-04-29,80.12999725341797,77.78475952148438,15.350000381469727,15.053961753845215
2026-04-30,80.37999725341797,78.0274429321289,15.319999694824219,15.024539947509766
2026-05-01,80.05999755859375,78.12403869628906,15.3100004196167,15.014734268188477
2026-05-04,79.80000305175781,77.87033081054688,15.359999656677246,15.063769340515137
2026-05-05,79.91999816894531,77.98743438720703,15.319999694824219,15.024539947509766
2026-05-06,80.16000366210938,78.22163391113281,15.279999732971191,14.985312461853027
2026-05-07,79.86000061035156,77.92887878417969,15.350000381469727,15.053961753845215
2026-05-08,80.13999938964844,78.20211029052734,15.289999961853027,14.995119094848633
2026-05-11,79.9800033569336,78.04598236083984,15.319999694824219,15.024539947509766
2026-05-12,79.87000274658203,77.93863677978516,15.350000381469727,15.053961753845215
2026-05-13,79.91000366210938,77.97767639160156,15.350000381469727,15.053961753845215
2026-05-14,79.8499984741211,77.91912841796875,15.359999656677246,15.063769340515137
2026-05-15,79.45999908447266,77.53855895996094,15.4399995803833,15.142226219177246
2026-05-18,79.54000091552734,77.61662292480469,15.430000305175781,15.13241958618164
2026-05-19,79.3499984741211,77.43121337890625,15.460000038146973,15.16184139251709
2026-05-20,79.86000061035156,77.92887878417969,15.369999885559082,15.073575973510742
2026-05-21,79.9000015258789,77.9679183959961,15.359999656677246,15.063769340515137
2026-05-22,79.91000366210938,77.97767639160156,15.369999885559082,15.073575973510742
2026-05-26,80.18000030517578,78.24114227294922,15.3100004196167,15.014734268188477
2026-05-27,80.12999725341797,78.19234466552734,15.3100004196167,15.014734268188477
2026-05-28,80.2300033569336,78.28993225097656,15.3100004196167,15.014734268188477
2026-05-29,80.30999755859375,78.36800384521484,15.289999961853027,14.995119094848633
2026-06-01,79.83999633789062,78.30816650390625,15.3100004196167,15.014734268188477
2026-06-02,79.9000015258789,78.36701965332031,15.300000190734863,15.004926681518555
2026-06-03,79.68000030517578,78.1512451171875,15.329999923706055,15.034348487854004
2026-06-04,79.83000183105469,78.29835510253906,15.300000190734863,15.004926681518555
2026-06-05,79.43000030517578,77.90604400634766,15.380000114440918,15.08338451385498
2026-06-08,79.54000091552734,78.01393127441406,15.380000114440918,15.08338451385498
2026-06-09,79.62000274658203,78.09239196777344,15.359999656677246,15.063769340515137
2026-06-10,79.47000122070312,77.94526672363281,15.390000343322754,15.093191146850586
2026-06-11,79.94000244140625,78.40625762939453,15.3100004196167,15.014734268188477
2026-06-12,79.94000244140625,78.40625762939453,15.3100004196167,15.014734268188477
2026-06-15,80.04000091552734,78.50433349609375,15.279999732971191,14.985312461853027
2026-06-16,80.02999877929688,78.49451446533203,15.279999732971191,14.985312461853027
2026-06-17,79.7300033569336,78.20028686523438,15.34000015258789,15.04415512084961
2026-06-18,80.01000213623047,78.47490692138672,15.3100004196167,15.014734268188477
2026-06-22,79.94000244140625,78.40625762939453,15.319999694824219,15.024539947509766
2026-06-23,79.87000274658203,78.33759307861328,15.34000015258789,15.04415512084961
2026-06-24,79.8499984741211,78.31797790527344,15.15999984741211,15.03919506072998
2026-06-25,79.87999725341797,78.34739685058594,15.149999618530273,15.029273986816406
2026-06-26,79.83000183105469,78.29835510253906,15.170000076293945,15.049115180969238
2026-06-29,80.01000213623047,78.47490692138672,15.140000343322754,15.019354820251465
2026-06-30,79.97000122070312,78.43567657470703,15.140000343322754,15.019354820251465
2026-07-01,79.58999633789062,78.42483520507812,15.140000343322754,15.019354820251465
2026-07-02,79.70999908447266,78.54307556152344,15.130000114440918,15.009434700012207
2026-07-06,79.87000274658203,78.70073699951172,15.100000381469727,14.979673385620117
2026-07-07,79.76000213623047,78.59234619140625,15.130000114440918,15.009434700012207
2026-07-08,79.66000366210938,78.49382019042969,15.149999618530273,15.029273986816406
2026-07-09,79.75,78.5824966430664,15.109999656677246,14.989593505859375
2026-07-10,79.70999908447266,78.54307556152344,15.140000343322754,15.019354820251465
2026-07-13,79.5199966430664,78.3558578491211,15.1899995803833,15.068955421447754
2026-07-14,79.68000030517578,78.5135269165039,15.149999618530273,15.029273986816406
2026-07-15,79.80999755859375,78.64161682128906,15.140000343322754,15.019354820251465
2026-07-16,79.80000305175781,78.63176727294922,15.149999618530273,15.029273986816406
2026-07-17,79.6500015258789,78.48396301269531,15.15999984741211,15.03919506072998
2026-07-20,79.68000030517578,78.5135269165039,15.170000076293945,15.049115180969238
2026-07-21,79.6500015258789,78.48396301269531,15.170000076293945,15.049115180969238
2026-07-22,79.5199966430664,78.3558578491211,15.1899995803833,15.068955421447754
2026-07-23,79.2300033569336,78.07011413574219,15.260000228881836,15.138398170471191
2026-07-24,79.2300033569336,78.07011413574219,15.319999694824219,15.197919845581055
2026-07-27,79.2699966430664,78.1095199584961,15.260000228881836,15.138398170471191
2026-07-28,79.41999816894531,78.25732421875,15.220000267028809,15.098716735839844
2026-07-29,79.23999786376953,78.0799560546875,15.270000457763672,15.148319244384766
2026-07-30,79.47000122070312,78.30658721923828,15.210000038146973,15.088796615600586
2026-07-31,79.4800033569336,78.31645202636719,15.229999542236328,15.108636856079102
2026-08-03,79.30999755859375,78.52833557128906,15.180000305175781,15.059036254882812
2026-08-04,79.55000305175781,78.76597595214844,15.140000343322754,15.019354820251465
2026-08-05,79.5199966430664,78.73626708984375,15.15999984741211,15.03919506072998
2026-08-06,79.45999908447266,78.6768569946289,15.180000305175781,15.059036254882812
2026-08-07,79.61000061035156,78.82538604736328,15.149999618530273,15.029273986816406
2026-08-10,79.4800033569336,78.69667053222656,15.170000076293945,15.049115180969238
2026-08-11,79.51000213623047,78.72637176513672,15.170000076293945,15.049115180969238
2026-08-12,79.61000061035156,78.82538604736328,15.15999984741211,15.03919506072998
2026-08-13,79.79000091552734,79.00361633300781,15.109999656677246,14.989593505859375
2026-08-14,79.70999908447266,78.92440032958984,15.119999885559082,14.999513626098633
2026-08-17,79.61000061035156,78.82538604736328,15.149999618530273,15.029273986816406
2026-08-18,79.52999877929688,78.74617767333984,15.170000076293945,15.049115180969238
2026-08-19,79.70999908447266,78.92440032958984,15.130000114440918,15.009434700012207
2026-08-20,79.55999755859375,78.77587127685547,15.180000305175781,15.059036254882812
2026-08-21,79.61000061035156,78.82538604736328,15.15999984741211,15.03919506072998
2026-08-24,79.69999694824219,78.91449737548828,15.140000343322754,15.019354820251465
2026-08-25,79.91999816894531,79.13232421875,15.109999656677246,14.989593505859375
2026-08-26,79.9000015258789,79.1125259399414,15.119999885559082,14.999513626098633
2026-08-27,79.87000274658203,79.08282470703125,15.130000114440918,15.009434700012207
2026-08-28,79.73999786376953,78.9541015625,15.15999984741211,15.03919506072998
2026-08-31,79.80999755859375,79.02340698242188,15.149999618530273,15.029273986816406
2026-09-01,79.0999984741211,78.74962615966797,15.1899995803833,15.068955421447754
2026-09-02,79.11000061035156,78.75958251953125,15.1899995803833,15.068955421447754
2026-09-03,79.20999908447266,78.85913848876953,15.1899995803833,15.068955421447754
2026-09-04,79.16000366210938,78.80936431884766,15.199999809265137,15.078876495361328
2026-09-08,79.12000274658203,78.76954650878906,15.210000038146973,15.088796615600586
2026-09-09,78.9800033569336,78.63016510009766,15.220000267028809,15.098716735839844
2026-09-10,78.62000274658203,78.27175903320312,15.3100004196167,15.187999725341797
2026-09-11,78.5999984741211,78.25184631347656,15.319999694824219,15.197919845581055
2026-09-14,78.52999877929688,78.1821517944336,15.3100004196167,15.187999725341797
2026-09-15,78.37999725341797,78.0328140258789,15.350000381469727,15.227681159973145
2026-09-16,78.41999816894531,78.07263946533203,15.34000015258789,15.217761039733887
2026-09-17,78.72000122070312,78.3713150024414,15.300000190734863,15.178079605102539
2026-09-18,78.52999877929688,78.1821517944336,15.319999694824219,15.197919845581055
2026-09-21,78.68000030517578,78.33148956298828,15.300000190734863,15.178079605102539
2026-09-22,78.66999816894531,78.321533203125,15.3100004196167,15.187999725341797
2026-09-23,78.0999984741211,77.75405883789062,15.300000190734863,15.300000190734863
2026-09-24,77.88999938964844,77.54499053955078,15.350000381469727,15.350000381469727
2026-09-25,77.86000061035156,77.51512145996094,15.350000381469727,15.350000381469727
2026-09-28,77.54000091552734,77.19654083251953,15.430000305175781,15.430000305175781
2026-09-29,77.36000061035156,77.017333984375,15.460000038146973,15.460000038146973
2026-09-30,77.20999908447266,76.86800384521484,15.479999542236328,15.479999542236328
2026-10-01,76.9000015258789,76.9000015258789,15.489999771118164,15.489999771118164
2026-10-02,76.91000366210938,76.91000366210938,15.489999771118164,15.489999771118164
2026-10-05,76.9800033569336,76.9800033569336,15.479999542236328,15.479999542236328
2026-10-06,77.2699966430664,77.2699966430664,15.420000076293945,15.420000076293945
2026-10-07,77.18000030517578,77.18000030517578,15.449999809265137,15.449999809265137
2026-10-08,77.13999938964844,77.13999938964844,15.449999809265137,15.449999809265137
2026-10-09,77.19000244140625,77.19000244140625,15.454999923706055,15.454999923706055
